avg_train_loss,avg_val_loss,epoch,step,train_loss,val_loss
,,0,9,0.797425389289856,
,,0,19,0.639041543006897,
,,0,29,0.4977668225765228,
,,0,39,0.4379357099533081,
,,0,49,0.4125004708766937,
,,0,59,0.3236447274684906,
,,0,69,0.27103373408317566,
,,0,79,0.20602405071258545,
,,0,89,0.2887828052043915,
,,0,99,0.2992778420448303,
,,0,109,0.3270970582962036,
,,0,119,0.3035956919193268,
,,0,129,0.35219305753707886,
,,0,139,0.37911534309387207,
,,0,149,0.19294001162052155,
,,0,159,0.26267772912979126,
,,0,169,0.3733863830566406,
,,0,179,0.3586011230945587,
,,0,189,0.4066103398799896,
,,0,199,0.17046840488910675,
,,0,209,0.2779611051082611,
,,0,219,0.2620536983013153,
,,0,229,0.3328588008880615,
,,0,239,0.4496738314628601,
,,0,249,0.4092012345790863,
,,0,259,0.2946052849292755,
,,0,269,0.23899106681346893,
,,0,279,0.25488951802253723,
,,0,289,0.23795156180858612,
,,0,299,0.3099307715892792,
,,0,309,0.33838582038879395,
,,0,319,0.179587721824646,
,,0,329,0.46589767932891846,
,,0,339,0.3883330523967743,
,,0,349,0.20004664361476898,
,,0,359,0.2215455174446106,
,,0,369,0.3269210159778595,
,,0,379,0.27031636238098145,
,,0,389,0.1756903976202011,
,,0,399,0.2706536054611206,
,,0,409,0.31140971183776855,
,,0,419,0.30137696862220764,
,,0,429,0.20582909882068634,
,,0,439,0.1704418659210205,
,,0,449,0.3247842490673065,
,,0,459,0.18321223556995392,
,,0,469,3.637254238128662,
,,0,479,0.29527056217193604,
,,0,489,0.17580996453762054,
,,0,499,0.24664367735385895,
,,0,509,0.2012765258550644,
,,0,519,0.19474877417087555,
,,0,529,0.19811299443244934,
,,0,539,0.19410225749015808,
,,0,549,0.39359983801841736,
,,0,559,0.2187936156988144,
,,0,569,0.42144307494163513,
,,0,579,0.1969994604587555,
,,0,589,0.16793444752693176,
,,0,599,0.21327373385429382,
,,0,609,0.15569165349006653,
,,0,619,0.2706095278263092,
,,0,629,1.45975923538208,
,,0,639,0.18017062544822693,
,,0,649,0.1581895500421524,
,,0,659,0.21567660570144653,
,,0,669,0.13760390877723694,
,,0,679,0.23308324813842773,
,,0,689,0.2237604260444641,
,,0,699,0.17507290840148926,
,,0,709,0.19072885811328888,
,,0,719,0.17473167181015015,
,,0,729,0.1343662291765213,
,,0,739,0.25382548570632935,
,,0,749,0.19824714958667755,
,,0,759,0.1721719354391098,
,,0,769,0.10814695060253143,
,,0,779,0.25054070353507996,
,,0,789,0.11708495020866394,
,,0,799,0.1882878988981247,
,,0,809,0.1542426198720932,
,,0,819,0.1934524029493332,
,,0,829,0.13439016044139862,
,,0,839,0.25726619362831116,
,,0,849,0.17808780074119568,
,,0,859,0.14444947242736816,
,,0,869,0.21097923815250397,
,,0,879,0.17077124118804932,
,,0,889,0.21047531068325043,
,,0,899,0.12798336148262024,
,,0,909,0.1984374225139618,
,,0,919,0.2387126237154007,
,,0,929,0.17230220139026642,
,,0,939,0.18440860509872437,
,,0,949,0.30505362153053284,
,,0,959,0.12863828241825104,
,,0,969,0.13135161995887756,
,,0,979,0.14509591460227966,
,,0,989,0.19706304371356964,
,,0,999,0.18059392273426056,
,,0,1009,0.17084093391895294,
,,0,1019,0.1772148162126541,
,,0,1029,0.22240976989269257,
,,0,1039,0.18076133728027344,
,,0,1049,0.2848735451698303,
,,0,1059,0.1352498084306717,
,,0,1069,0.1585100144147873,
,,0,1079,0.2549724578857422,
,,0,1089,0.18529585003852844,
,,0,1099,0.1319279819726944,
,,0,1109,0.2203957736492157,
,,0,1119,0.18285073339939117,
,,0,1129,0.11730363219976425,
,,0,1139,0.1344738006591797,
,,0,1149,0.13362349569797516,
,,0,1159,0.19561898708343506,
,,0,1169,0.2103668600320816,
,,0,1179,0.28809693455696106,
,,0,1189,0.12876953184604645,
,,0,1199,0.13258680701255798,
,,0,1209,0.20685039460659027,
,,0,1219,0.142100527882576,
,,0,1229,0.11996360868215561,
,,0,1239,1.6728541851043701,
,,0,1249,0.11008474230766296,
,,0,1259,0.12156836688518524,
,,0,1269,0.14636319875717163,
,,0,1279,0.19023281335830688,
,,0,1289,0.09146151691675186,
,,0,1299,0.08806721866130829,
,,0,1309,0.10950519889593124,
,,0,1319,0.13712026178836823,
,,0,1329,0.1261068433523178,
,,0,1339,0.1169838234782219,
,,0,1349,0.15880818665027618,
,,0,1359,0.14557664096355438,
,,0,1369,0.10160820186138153,
,,0,1379,0.12548880279064178,
,,0,1389,0.1291567087173462,
,,0,1399,0.13934098184108734,
,,0,1409,0.13128741085529327,
,,0,1419,0.14356829226016998,
,,0,1429,0.1194707527756691,
,,0,1439,0.1654110699892044,
,,0,1449,2.1099634170532227,
,,0,1459,0.12740622460842133,
,,0,1469,0.15485280752182007,
,,0,1479,0.14266431331634521,
,,0,1489,0.16729022562503815,
,,0,1499,0.15853890776634216,
,,0,1509,0.1497207134962082,
,,0,1519,0.1829749047756195,
,,0,1529,0.1449272185564041,
,,0,1539,0.16740188002586365,
,0.1354515701532364,0,1539,,0.13546635210514069
0.2508421540260315,,0,1539,,
,,1,1549,0.11999674886465073,
,,1,1559,0.11432492733001709,
,,1,1569,1.218355417251587,
,,1,1579,0.12869486212730408,
,,1,1589,0.12370098382234573,
,,1,1599,0.13315236568450928,
,,1,1609,0.13731470704078674,
,,1,1619,0.22982564568519592,
,,1,1629,2.123180389404297,
,,1,1639,0.1233207955956459,
,,1,1649,0.1412672996520996,
,,1,1659,0.1005762591958046,
,,1,1669,0.0974598303437233,
,,1,1679,0.09345025569200516,
,,1,1689,0.19790294766426086,
,,1,1699,0.15132594108581543,
,,1,1709,0.17833611369132996,
,,1,1719,0.10081566125154495,
,,1,1729,0.06415248662233353,
,,1,1739,0.08580896258354187,
,,1,1749,0.24564863741397858,
,,1,1759,0.16685929894447327,
,,1,1769,0.16533918678760529,
,,1,1779,0.1850844919681549,
,,1,1789,0.19026000797748566,
,,1,1799,0.11139516532421112,
,,1,1809,0.08022432029247284,
,,1,1819,0.16449254751205444,
,,1,1829,0.11125008016824722,
,,1,1839,0.1317817121744156,
,,1,1849,0.08120495080947876,
,,1,1859,0.16281206905841827,
,,1,1869,0.0986839085817337,
,,1,1879,0.14747808873653412,
,,1,1889,0.21352127194404602,
,,1,1899,0.15595901012420654,
,,1,1909,0.2207222580909729,
,,1,1919,0.11682315915822983,
,,1,1929,0.08760660886764526,
,,1,1939,0.10954156517982483,
,,1,1949,0.08157271891832352,
,,1,1959,0.15769854187965393,
,,1,1969,0.11676330864429474,
,,1,1979,0.11419403553009033,
,,1,1989,0.09217499941587448,
,,1,1999,0.10698201507329941,
,,1,2009,0.12722255289554596,
,,1,2019,0.10532370209693909,
,,1,2029,0.1266479641199112,
,,1,2039,0.11767851561307907,
,,1,2049,0.11601832509040833,
,,1,2059,0.10622452944517136,
,,1,2069,0.07418147474527359,
,,1,2079,0.09394029527902603,
,,1,2089,0.07401852309703827,
,,1,2099,0.11917770653963089,
,,1,2109,0.22448085248470306,
,,1,2119,0.07976659387350082,
,,1,2129,0.13495834171772003,
,,1,2139,0.1623077094554901,
,,1,2149,0.10144055634737015,
,,1,2159,0.09883000701665878,
,,1,2169,0.1740623116493225,
,,1,2179,0.14713869988918304,
,,1,2189,0.08163394778966904,
,,1,2199,0.1535082757472992,
,,1,2209,0.09139937162399292,
,,1,2219,0.08079440146684647,
,,1,2229,0.09402848780155182,
,,1,2239,0.09553665667772293,
,,1,2249,0.09916483610868454,
,,1,2259,0.13080815970897675,
,,1,2269,0.1448623538017273,
,,1,2279,0.23276987671852112,
,,1,2289,0.0836525484919548,
,,1,2299,0.10589771717786789,
,,1,2309,0.19915206730365753,
,,1,2319,0.09065627306699753,
,,1,2329,0.08737599849700928,
,,1,2339,0.09809822589159012,
,,1,2349,0.1356334388256073,
,,1,2359,0.10508331656455994,
,,1,2369,0.07999937236309052,
,,1,2379,0.09667599946260452,
,,1,2389,0.14579422771930695,
,,1,2399,0.09644410759210587,
,,1,2409,0.08176647126674652,
,,1,2419,0.20845246315002441,
,,1,2429,0.1314978450536728,
,,1,2439,0.12949755787849426,
,,1,2449,0.05137741193175316,
,,1,2459,0.11878259479999542,
,,1,2469,0.05493554472923279,
,,1,2479,0.14864355325698853,
,,1,2489,0.17256943881511688,
,,1,2499,0.158590629696846,
,,1,2509,0.08017200976610184,
,,1,2519,2.131343364715576,
,,1,2529,0.1943744421005249,
,,1,2539,0.08314969390630722,
,,1,2549,0.07592902332544327,
,,1,2559,0.06632747501134872,
,,1,2569,0.11119381338357925,
,,1,2579,0.09653624147176743,
,,1,2589,0.09727880358695984,
,,1,2599,0.08851699531078339,
,,1,2609,0.11193586885929108,
,,1,2619,0.09421385079622269,
,,1,2629,0.06612832844257355,
,,1,2639,0.10414721071720123,
,,1,2649,0.09213335812091827,
,,1,2659,0.14068603515625,
,,1,2669,0.2052202969789505,
,,1,2679,0.10710537433624268,
,,1,2689,0.11253555864095688,
,,1,2699,0.1553846001625061,
,,1,2709,0.13681305944919586,
,,1,2719,0.06296579539775848,
,,1,2729,0.08448672294616699,
,,1,2739,0.10046211630105972,
,,1,2749,0.1541709154844284,
,,1,2759,0.07655578851699829,
,,1,2769,0.09929144382476807,
,,1,2779,0.10681531578302383,
,,1,2789,0.09931596368551254,
,,1,2799,0.08052022755146027,
,,1,2809,0.06845777481794357,
,,1,2819,0.08524375408887863,
,,1,2829,0.08827808499336243,
,,1,2839,0.07295156270265579,
,,1,2849,0.10384583473205566,
,,1,2859,0.10466800630092621,
,,1,2869,0.07813048362731934,
,,1,2879,0.10132095217704773,
,,1,2889,0.06110478937625885,
,,1,2899,0.09181441366672516,
,,1,2909,0.05553750321269035,
,,1,2919,0.06715713441371918,
,,1,2929,0.05537015572190285,
,,1,2939,0.1490670144557953,
,,1,2949,0.12227721512317657,
,,1,2959,0.061016108840703964,
,,1,2969,0.05397326871752739,
,,1,2979,0.056134529411792755,
,,1,2989,0.04838591814041138,
,,1,2999,0.07263556867837906,
,,1,3009,0.06545895338058472,
,,1,3019,0.07347220182418823,
,,1,3029,0.14337968826293945,
,,1,3039,0.08794809877872467,
,,1,3049,0.05993441864848137,
,,1,3059,0.047895465046167374,
,,1,3069,0.08237870037555695,
,,1,3079,0.1751539558172226,
,0.1042802631855011,1,3079,,0.10429698973894119
0.14284077286720276,,1,3079,,
,,2,3089,0.0650622695684433,
,,2,3099,0.06547960638999939,
,,2,3109,0.05100281536579132,
,,2,3119,0.06566821038722992,
,,2,3129,0.11204291135072708,
,,2,3139,0.12498077750205994,
,,2,3149,0.1702050268650055,
,,2,3159,0.08468639850616455,
,,2,3169,0.040256526321172714,
,,2,3179,0.16567960381507874,
,,2,3189,0.07979738712310791,
,,2,3199,0.11781296133995056,
,,2,3209,0.053943973034620285,
,,2,3219,0.05366639420390129,
,,2,3229,0.12076187133789062,
,,2,3239,0.14152100682258606,
,,2,3249,0.12768493592739105,
,,2,3259,0.16427239775657654,
,,2,3269,0.11224494874477386,
,,2,3279,0.08169946074485779,
,,2,3289,0.0944216400384903,
,,2,3299,0.12490598112344742,
,,2,3309,0.16653619706630707,
,,2,3319,0.07739933580160141,
,,2,3329,0.06785889714956284,
,,2,3339,0.04857048764824867,
,,2,3349,0.15919673442840576,
,,2,3359,0.10636387020349503,
,,2,3369,0.1361977458000183,
,,2,3379,0.06505335867404938,
,,2,3389,0.2457227110862732,
,,2,3399,0.039516374468803406,
,,2,3409,0.0855230838060379,
,,2,3419,0.06110859662294388,
,,2,3429,0.1208232119679451,
,,2,3439,0.08566337823867798,
,,2,3449,0.10992893576622009,
,,2,3459,0.041631877422332764,
,,2,3469,0.07824273407459259,
,,2,3479,0.11062271147966385,
,,2,3489,0.1225578561425209,
,,2,3499,0.1799761950969696,
,,2,3509,0.26232197880744934,
,,2,3519,0.10959269106388092,
,,2,3529,0.053896814584732056,
,,2,3539,0.18928810954093933,
,,2,3549,0.14049285650253296,
,,2,3559,0.20841585099697113,
,,2,3569,0.16908694803714752,
,,2,3579,0.05947982892394066,
,,2,3589,0.1071210652589798,
,,2,3599,0.07485996186733246,
,,2,3609,0.07574999332427979,
,,2,3619,0.1338220089673996,
,,2,3629,0.10653986781835556,
,,2,3639,0.06954018026590347,
,,2,3649,0.19700250029563904,
,,2,3659,0.18481001257896423,
,,2,3669,0.044588204473257065,
,,2,3679,0.08961057662963867,
,,2,3689,0.07480542361736298,
,,2,3699,0.07059957087039948,
,,2,3709,0.07496915012598038,
,,2,3719,0.15850873291492462,
,,2,3729,0.11865632981061935,
,,2,3739,0.07987400889396667,
,,2,3749,0.10173021256923676,
,,2,3759,0.09934617578983307,
,,2,3769,0.08008934557437897,
,,2,3779,0.12181463092565536,
,,2,3789,0.05913703888654709,
,,2,3799,0.23908311128616333,
,,2,3809,0.10120866447687149,
,,2,3819,0.12288545072078705,
,,2,3829,0.11436717212200165,
,,2,3839,0.04634374752640724,
,,2,3849,0.08439254015684128,
,,2,3859,0.07691323757171631,
,,2,3869,0.03052295371890068,
,,2,3879,0.11643565446138382,
,,2,3889,0.060452818870544434,
,,2,3899,0.05981309339404106,
,,2,3909,0.09480050951242447,
,,2,3919,0.08668599277734756,
,,2,3929,0.14904645085334778,
,,2,3939,0.09739376604557037,
,,2,3949,0.1807880997657776,
,,2,3959,0.062081947922706604,
,,2,3969,0.10942474752664566,
,,2,3979,0.15358471870422363,
,,2,3989,0.08996207267045975,
,,2,3999,0.15394870936870575,
,,2,4009,0.14600154757499695,
,,2,4019,0.09963889420032501,
,,2,4029,0.07429499179124832,
,,2,4039,0.13153144717216492,
,,2,4049,0.09924629330635071,
,,2,4059,0.07238898426294327,
,,2,4069,0.14775371551513672,
,,2,4079,0.06360650807619095,
,,2,4089,0.033900756388902664,
,,2,4099,0.08085266500711441,
,,2,4109,0.07566089928150177,
,,2,4119,0.04456707090139389,
,,2,4129,0.11190392076969147,
,,2,4139,0.08807373046875,
,,2,4149,0.07673899829387665,
,,2,4159,0.08919919282197952,
,,2,4169,0.05076463893055916,
,,2,4179,0.050952352583408356,
,,2,4189,0.0933329239487648,
,,2,4199,0.0969238206744194,
,,2,4209,0.11038103699684143,
,,2,4219,0.05850538983941078,
,,2,4229,0.05173139274120331,
,,2,4239,0.11213559657335281,
,,2,4249,0.07145056873559952,
,,2,4259,0.14025871455669403,
,,2,4269,0.14473727345466614,
,,2,4279,0.1068476140499115,
,,2,4289,0.043533120304346085,
,,2,4299,0.07341546565294266,
,,2,4309,0.07588814944028854,
,,2,4319,3.374725103378296,
,,2,4329,0.12357304990291595,
,,2,4339,0.11158297210931778,
,,2,4349,0.08640269190073013,
,,2,4359,0.07798225432634354,
,,2,4369,0.10811902582645416,
,,2,4379,0.11957260221242905,
,,2,4389,0.06928374618291855,
,,2,4399,0.08185547590255737,
,,2,4409,0.12966288626194,
,,2,4419,0.15098974108695984,
,,2,4429,0.07400131225585938,
,,2,4439,0.13175702095031738,
,,2,4449,0.15822970867156982,
,,2,4459,0.03624551370739937,
,,2,4469,0.13762354850769043,
,,2,4479,0.10138653963804245,
,,2,4489,0.18726517260074615,
,,2,4499,0.10455068200826645,
,,2,4509,0.06385182589292526,
,,2,4519,0.08568445593118668,
,,2,4529,0.0865962877869606,
,,2,4539,0.11587164551019669,
,,2,4549,0.18829092383384705,
,,2,4559,0.03448598086833954,
,,2,4569,0.1060643121600151,
,,2,4579,0.04793715849518776,
,,2,4589,0.05674130842089653,
,,2,4599,0.03637876734137535,
,,2,4609,0.09673970937728882,
,,2,4619,0.21584782004356384,
,0.08468219637870789,2,4619,,0.08469903469085693
0.11847648024559021,,2,4619,,
,,3,4629,0.07143791764974594,
,,3,4639,0.08792964369058609,
,,3,4649,0.05548879876732826,
,,3,4659,0.05350605025887489,
,,3,4669,0.05625471845269203,
,,3,4679,0.10088469088077545,
,,3,4689,0.14022085070610046,
,,3,4699,0.15632478892803192,
,,3,4709,0.09606141597032547,
,,3,4719,0.10559267550706863,
,,3,4729,0.10317693650722504,
,,3,4739,0.04702884703874588,
,,3,4749,0.08296570926904678,
,,3,4759,0.0789395421743393,
,,3,4769,0.061450373381376266,
,,3,4779,0.06539641320705414,
,,3,4789,0.04505525529384613,
,,3,4799,0.06613270938396454,
,,3,4809,0.0718265175819397,
,,3,4819,0.04568587243556976,
,,3,4829,0.1110018715262413,
,,3,4839,0.057141851633787155,
,,3,4849,0.03406582772731781,
,,3,4859,0.05678236857056618,
,,3,4869,0.05850560590624809,
,,3,4879,0.055922407656908035,
,,3,4889,0.05229494348168373,
,,3,4899,0.043861910700798035,
,,3,4909,0.11264874786138535,
,,3,4919,0.07638087123632431,
,,3,4929,0.0980726033449173,
,,3,4939,0.07948913425207138,
,,3,4949,0.07230056077241898,
,,3,4959,0.11719255149364471,
,,3,4969,0.13144950568675995,
,,3,4979,0.13810047507286072,
,,3,4989,0.10089381039142609,
,,3,4999,0.06934399157762527,
,,3,5009,0.1670520305633545,
,,3,5019,0.09733451902866364,
,,3,5029,0.1364118456840515,
,,3,5039,0.09211903810501099,
,,3,5049,0.10813367366790771,
,,3,5059,0.0915834829211235,
,,3,5069,0.08025055378675461,
,,3,5079,0.08781945705413818,
,,3,5089,0.08115197718143463,
,,3,5099,0.09259292483329773,
,,3,5109,0.11327977478504181,
,,3,5119,0.07563653588294983,
,,3,5129,0.05809538811445236,
,,3,5139,0.0690433531999588,
,,3,5149,0.10433078557252884,
,,3,5159,0.04694510996341705,
,,3,5169,0.10307978838682175,
,,3,5179,0.07693059742450714,
,,3,5189,0.07700008898973465,
,,3,5199,0.12621991336345673,
,,3,5209,0.06394068896770477,
,,3,5219,0.07885481417179108,
,,3,5229,0.09492992609739304,
,,3,5239,0.11249782890081406,
,,3,5249,0.08196613192558289,
,,3,5259,0.0768575444817543,
,,3,5269,0.07759334146976471,
,,3,5279,0.1123112291097641,
,,3,5289,0.10793950408697128,
,,3,5299,0.09655017405748367,
,,3,5309,0.12179441004991531,
,,3,5319,0.08721008896827698,
,,3,5329,0.09923253208398819,
,,3,5339,0.13939698040485382,
,,3,5349,0.10813077539205551,
,,3,5359,0.05995843559503555,
,,3,5369,0.08427486568689346,
,,3,5379,0.13288721442222595,
,,3,5389,0.05114956572651863,
,,3,5399,0.14487510919570923,
,,3,5409,0.05456087365746498,
,,3,5419,0.06326109915971756,
,,3,5429,0.08332463353872299,
,,3,5439,0.033265888690948486,
,,3,5449,0.06942620128393173,
,,3,5459,0.0846051424741745,
,,3,5469,0.07280639559030533,
,,3,5479,1.5279223918914795,
,,3,5489,0.049117375165224075,
,,3,5499,0.09554770588874817,
,,3,5509,0.12652236223220825,
,,3,5519,0.04509525001049042,
,,3,5529,0.06168973445892334,
,,3,5539,0.05220271274447441,
,,3,5549,0.11492298543453217,
,,3,5559,0.1236979216337204,
,,3,5569,0.03878943994641304,
,,3,5579,0.09583742916584015,
,,3,5589,0.18759460747241974,
,,3,5599,0.08011025190353394,
,,3,5609,0.06922444701194763,
,,3,5619,0.2039094865322113,
,,3,5629,0.11606913805007935,
,,3,5639,0.049332644790410995,
,,3,5649,0.0485927015542984,
,,3,5659,0.10377450287342072,
,,3,5669,0.09472674131393433,
,,3,5679,0.07143309712409973,
,,3,5689,0.143141508102417,
,,3,5699,0.1296016275882721,
,,3,5709,0.06576179713010788,
,,3,5719,0.08105858415365219,
,,3,5729,0.06813912093639374,
,,3,5739,0.13800056278705597,
,,3,5749,0.0929354727268219,
,,3,5759,0.04401179030537605,
,,3,5769,0.10972648859024048,
,,3,5779,0.18813522160053253,
,,3,5789,0.03398140147328377,
,,3,5799,0.0706164538860321,
,,3,5809,0.03259279578924179,
,,3,5819,0.07667554169893265,
,,3,5829,0.07737578451633453,
,,3,5839,0.23197230696678162,
,,3,5849,0.039281535893678665,
,,3,5859,0.1586495190858841,
,,3,5869,0.07985758781433105,
,,3,5879,0.09018094092607498,
,,3,5889,0.12959100306034088,
,,3,5899,0.06251751631498337,
,,3,5909,0.17362092435359955,
,,3,5919,0.11057453602552414,
,,3,5929,0.031498074531555176,
,,3,5939,0.031117388978600502,
,,3,5949,0.09199975430965424,
,,3,5959,0.05926098674535751,
,,3,5969,0.06942356377840042,
,,3,5979,0.15149439871311188,
,,3,5989,0.20537129044532776,
,,3,5999,0.11946029961109161,
,,3,6009,0.08271237462759018,
,,3,6019,0.03278687968850136,
,,3,6029,0.07549671083688736,
,,3,6039,0.14579404890537262,
,,3,6049,0.1447281688451767,
,,3,6059,0.04032763093709946,
,,3,6069,0.10166659951210022,
,,3,6079,0.12885510921478271,
,,3,6089,0.12474162131547928,
,,3,6099,0.12852731347084045,
,,3,6109,0.05581675469875336,
,,3,6119,3.335897207260132,
,,3,6129,0.04334636032581329,
,,3,6139,0.05828703194856644,
,,3,6149,0.046452295035123825,
,,3,6159,0.15665185451507568,
,0.07985526323318481,3,6159,,0.07987009733915329
0.1105164885520935,,3,6159,,
,,4,6169,0.0969349592924118,
,,4,6179,0.037020646035671234,
,,4,6189,0.12196293473243713,
,,4,6199,0.10503032803535461,
,,4,6209,0.07140817493200302,
,,4,6219,0.09389227628707886,
,,4,6229,0.07023897022008896,
,,4,6239,0.055538713932037354,
,,4,6249,0.06186646223068237,
,,4,6259,0.08781314641237259,
,,4,6269,0.07460916042327881,
,,4,6279,0.09599548578262329,
,,4,6289,0.04369644448161125,
,,4,6299,0.10119295120239258,
,,4,6309,0.06599018722772598,
,,4,6319,0.12456072866916656,
,,4,6329,0.10022756457328796,
,,4,6339,0.10404820740222931,
,,4,6349,0.13692507147789001,
,,4,6359,0.11074161529541016,
,,4,6369,0.11751330643892288,
,,4,6379,0.09512953460216522,
,,4,6389,0.05476333573460579,
,,4,6399,0.056461162865161896,
,,4,6409,0.07527636736631393,
,,4,6419,0.12565366923809052,
,,4,6429,0.07178959250450134,
,,4,6439,0.05179906636476517,
,,4,6449,0.10089697688817978,
,,4,6459,0.16516487300395966,
,,4,6469,0.051009196788072586,
,,4,6479,0.13827528059482574,
,,4,6489,0.07177022844552994,
,,4,6499,0.16731776297092438,
,,4,6509,0.04818573594093323,
,,4,6519,0.1079324334859848,
,,4,6529,0.05526891350746155,
,,4,6539,0.1334361881017685,
,,4,6549,0.058614108711481094,
,,4,6559,0.0644155889749527,
,,4,6569,0.052723478525877,
,,4,6579,0.1195087730884552,
,,4,6589,0.06131415069103241,
,,4,6599,0.08457944542169571,
,,4,6609,0.0694163590669632,
,,4,6619,0.11948329955339432,
,,4,6629,0.1557500958442688,
,,4,6639,0.08262177556753159,
,,4,6649,0.10658343881368637,
,,4,6659,0.08685795962810516,
,,4,6669,0.15366841852664948,
,,4,6679,0.15233133733272552,
,,4,6689,0.12997306883335114,
,,4,6699,0.14368398487567902,
,,4,6709,0.07353834807872772,
,,4,6719,0.11178237944841385,
,,4,6729,0.07182538509368896,
,,4,6739,3.3286006450653076,
,,4,6749,0.06843651086091995,
,,4,6759,0.08555790781974792,
,,4,6769,0.023842234164476395,
,,4,6779,0.149616539478302,
,,4,6789,0.05868873745203018,
,,4,6799,0.05853579193353653,
,,4,6809,0.10392634570598602,
,,4,6819,0.05277543514966965,
,,4,6829,0.16437727212905884,
,,4,6839,0.18004459142684937,
,,4,6849,0.08755405247211456,
,,4,6859,0.12573367357254028,
,,4,6869,0.056945472955703735,
,,4,6879,0.09981252253055573,
,,4,6889,0.10243572294712067,
,,4,6899,0.05746084824204445,
,,4,6909,0.09113737940788269,
,,4,6919,0.061481889337301254,
,,4,6929,0.06542517989873886,
,,4,6939,0.0681622177362442,
,,4,6949,0.061353571712970734,
,,4,6959,0.037667568773031235,
,,4,6969,1.5337003469467163,
,,4,6979,0.13785357773303986,
,,4,6989,0.10070109367370605,
,,4,6999,0.0575302317738533,
,,4,7009,0.1178998351097107,
,,4,7019,0.07189226150512695,
,,4,7029,0.08343002200126648,
,,4,7039,0.032702431082725525,
,,4,7049,0.06698735803365707,
,,4,7059,0.06484800577163696,
,,4,7069,0.05399997904896736,
,,4,7079,0.11545443534851074,
,,4,7089,0.06453904509544373,
,,4,7099,0.06721244007349014,
,,4,7109,1.0858194828033447,
,,4,7119,0.047919709235429764,
,,4,7129,0.03780343383550644,
,,4,7139,0.08384320884943008,
,,4,7149,0.057783693075180054,
,,4,7159,0.12507370114326477,
,,4,7169,0.10244673490524292,
,,4,7179,0.046500831842422485,
,,4,7189,0.154092937707901,
,,4,7199,0.045733869075775146,
,,4,7209,0.055218882858753204,
,,4,7219,0.04006515443325043,
,,4,7229,0.08986000716686249,
,,4,7239,0.11574246734380722,
,,4,7249,0.09720835089683533,
,,4,7259,0.058105360716581345,
,,4,7269,0.07776839286088943,
,,4,7279,0.16760674118995667,
,,4,7289,0.12059389054775238,
,,4,7299,0.1057131215929985,
,,4,7309,0.11252953112125397,
,,4,7319,0.04636092483997345,
,,4,7329,0.05157079920172691,
,,4,7339,0.0689886286854744,
,,4,7349,2.089751958847046,
,,4,7359,0.08016213774681091,
,,4,7369,0.05768667906522751,
,,4,7379,0.14273086190223694,
,,4,7389,0.07585523277521133,
,,4,7399,0.07687900960445404,
,,4,7409,0.05651666596531868,
,,4,7419,0.08826708048582077,
,,4,7429,0.02909262105822563,
,,4,7439,0.08906720578670502,
,,4,7449,0.02695966139435768,
,,4,7459,0.11027827113866806,
,,4,7469,0.11402051895856857,
,,4,7479,0.08452869206666946,
,,4,7489,0.05344747006893158,
,,4,7499,0.10598859190940857,
,,4,7509,0.08390127867460251,
,,4,7519,0.11504746973514557,
,,4,7529,0.06584017723798752,
,,4,7539,0.0755401998758316,
,,4,7549,0.13556765019893646,
,,4,7559,0.037709448486566544,
,,4,7569,0.03499646484851837,
,,4,7579,0.04136286675930023,
,,4,7589,0.046099670231342316,
,,4,7599,0.06822604686021805,
,,4,7609,0.06543335318565369,
,,4,7619,0.07868806272745132,
,,4,7629,0.0592106394469738,
,,4,7639,0.04881409555673599,
,,4,7649,0.05183020606637001,
,,4,7659,0.08798247575759888,
,,4,7669,0.07849986851215363,
,,4,7679,0.05528274551033974,
,,4,7689,0.06427847594022751,
,,4,7699,0.08606084436178207,
,0.0814320296049118,4,7699,,0.08144982904195786
0.10570266842842102,,4,7699,,
,,5,7709,0.07848105579614639,
,,5,7719,0.06671546399593353,
,,5,7729,0.038652535527944565,
,,5,7739,0.0734943151473999,
,,5,7749,0.18533219397068024,
,,5,7759,0.06207090616226196,
,,5,7769,0.10023856163024902,
,,5,7779,0.06409677118062973,
,,5,7789,0.1379982829093933,
,,5,7799,0.12241343408823013,
,,5,7809,0.09646888822317123,
,,5,7819,0.12871655821800232,
,,5,7829,0.057295169681310654,
,,5,7839,0.14516982436180115,
,,5,7849,0.10992024093866348,
,,5,7859,0.0630388930439949,
,,5,7869,0.09432453662157059,
,,5,7879,0.0808248445391655,
,,5,7889,0.06865397095680237,
,,5,7899,0.05928945168852806,
,,5,7909,0.03388100489974022,
,,5,7919,0.10916183888912201,
,,5,7929,0.10565691441297531,
,,5,7939,0.03917994350194931,
,,5,7949,0.10527798533439636,
,,5,7959,0.08566056936979294,
,,5,7969,0.07466084510087967,
,,5,7979,0.05037843808531761,
,,5,7989,0.03258493170142174,
,,5,7999,0.16945892572402954,
,,5,8009,0.07821141183376312,
,,5,8019,0.1240532174706459,
,,5,8029,0.12355413287878036,
,,5,8039,0.05363370478153229,
,,5,8049,0.08975035697221756,
,,5,8059,0.04640926048159599,
,,5,8069,0.06058197841048241,
,,5,8079,0.08720438182353973,
,,5,8089,0.05609123408794403,
,,5,8099,0.19135238230228424,
,,5,8109,0.09543907642364502,
,,5,8119,0.054119519889354706,
,,5,8129,0.03788179159164429,
,,5,8139,0.03890431299805641,
,,5,8149,0.09590139240026474,
,,5,8159,0.11133634299039841,
,,5,8169,0.1436997801065445,
,,5,8179,0.11030928790569305,
,,5,8189,0.10984905809164047,
,,5,8199,0.04102267697453499,
,,5,8209,0.10960008203983307,
,,5,8219,0.09074939042329788,
,,5,8229,0.13662636280059814,
,,5,8239,0.05631628632545471,
,,5,8249,0.04618656635284424,
,,5,8259,0.04998527839779854,
,,5,8269,0.06468597799539566,
,,5,8279,0.07060271501541138,
,,5,8289,0.04703729227185249,
,,5,8299,0.06668958067893982,
,,5,8309,0.1035609021782875,
,,5,8319,0.09650349617004395,
,,5,8329,0.08417315781116486,
,,5,8339,0.07940977811813354,
,,5,8349,0.05670928955078125,
,,5,8359,0.04253347963094711,
,,5,8369,0.049927130341529846,
,,5,8379,0.06329471617937088,
,,5,8389,0.05828689783811569,
,,5,8399,0.07924577593803406,
,,5,8409,0.04127304628491402,
,,5,8419,0.048252951353788376,
,,5,8429,0.10808553546667099,
,,5,8439,0.08068500459194183,
,,5,8449,0.09402167052030563,
,,5,8459,0.08347096294164658,
,,5,8469,0.06079225614666939,
,,5,8479,0.08603852242231369,
,,5,8489,0.06270017474889755,
,,5,8499,0.05489546060562134,
,,5,8509,0.0439680740237236,
,,5,8519,0.1401175707578659,
,,5,8529,0.054449718445539474,
,,5,8539,0.10978016257286072,
,,5,8549,0.058943573385477066,
,,5,8559,0.06102347746491432,
,,5,8569,0.11390144377946854,
,,5,8579,0.027872560545802116,
,,5,8589,0.0491347499191761,
,,5,8599,0.0668848305940628,
,,5,8609,0.05558151379227638,
,,5,8619,0.07217607647180557,
,,5,8629,0.10872991383075714,
,,5,8639,0.1528811752796173,
,,5,8649,0.06971950829029083,
,,5,8659,0.12445706874132156,
,,5,8669,0.03910898044705391,
,,5,8679,0.058084070682525635,
,,5,8689,0.030263742431998253,
,,5,8699,0.058003880083560944,
,,5,8709,0.09102851897478104,
,,5,8719,0.04300295189023018,
,,5,8729,0.04496168717741966,
,,5,8739,0.11055346578359604,
,,5,8749,0.09215471148490906,
,,5,8759,0.04642808437347412,
,,5,8769,0.11164292693138123,
,,5,8779,0.07551360130310059,
,,5,8789,0.05650005489587784,
,,5,8799,0.13456393778324127,
,,5,8809,0.13344520330429077,
,,5,8819,0.07723116874694824,
,,5,8829,0.15798136591911316,
,,5,8839,0.05185377970337868,
,,5,8849,0.02304338477551937,
,,5,8859,0.1340394914150238,
,,5,8869,0.054183922708034515,
,,5,8879,0.11313236504793167,
,,5,8889,0.09140017628669739,
,,5,8899,0.05509372800588608,
,,5,8909,0.036198437213897705,
,,5,8919,0.05268590524792671,
,,5,8929,0.08844413608312607,
,,5,8939,0.13253967463970184,
,,5,8949,0.08162488788366318,
,,5,8959,0.07196914404630661,
,,5,8969,0.07494287937879562,
,,5,8979,0.08572341501712799,
,,5,8989,0.10873282700777054,
,,5,8999,0.040145277976989746,
,,5,9009,0.07530774921178818,
,,5,9019,0.0920180156826973,
,,5,9029,0.11191317439079285,
,,5,9039,0.04575115069746971,
,,5,9049,0.07944448292255402,
,,5,9059,0.10973336547613144,
,,5,9069,0.07123898714780807,
,,5,9079,0.04461245611310005,
,,5,9089,0.08703533560037613,
,,5,9099,0.09387023001909256,
,,5,9109,0.15494802594184875,
,,5,9119,0.04381907731294632,
,,5,9129,0.08235485851764679,
,,5,9139,0.10013609379529953,
,,5,9149,0.16497988998889923,
,,5,9159,0.03228187561035156,
,,5,9169,0.07648278772830963,
,,5,9179,0.12843838334083557,
,,5,9189,0.10918799042701721,
,,5,9199,0.047464583069086075,
,,5,9209,0.04340658336877823,
,,5,9219,0.07280279695987701,
,,5,9229,0.06771349906921387,
,,5,9239,0.08479499816894531,
,0.07462245225906372,5,9239,,0.07464001327753067
0.10128024220466614,,5,9239,,
,,6,9249,0.0717310681939125,
,,6,9259,0.09689852595329285,
,,6,9269,0.09946940094232559,
,,6,9279,0.12732836604118347,
,,6,9289,0.08488433063030243,
,,6,9299,0.2132912427186966,
,,6,9309,0.04432544857263565,
,,6,9319,0.07817733287811279,
,,6,9329,0.06804635375738144,
,,6,9339,0.04041827470064163,
,,6,9349,0.05018125846982002,
,,6,9359,0.04211997240781784,
,,6,9369,0.04465407878160477,
,,6,9379,0.07809384167194366,
,,6,9389,0.030844390392303467,
,,6,9399,0.0963262990117073,
,,6,9409,0.0868496522307396,
,,6,9419,0.04717725142836571,
,,6,9429,0.12657703459262848,
,,6,9439,0.08380290865898132,
,,6,9449,0.055133502930402756,
,,6,9459,0.04282112047076225,
,,6,9469,0.06849002838134766,
,,6,9479,0.05964866653084755,
,,6,9489,0.04357098042964935,
,,6,9499,0.0684494748711586,
,,6,9509,0.058405954390764236,
,,6,9519,0.06816855072975159,
,,6,9529,0.05510317161679268,
,,6,9539,0.066779725253582,
,,6,9549,0.07839317619800568,
,,6,9559,0.07317836582660675,
,,6,9569,0.08614694327116013,
,,6,9579,0.040881890803575516,
,,6,9589,0.12303759902715683,
,,6,9599,0.07385309785604477,
,,6,9609,0.03893405199050903,
,,6,9619,0.05193579941987991,
,,6,9629,0.16702044010162354,
,,6,9639,0.10649619251489639,
,,6,9649,0.10908026993274689,
,,6,9659,0.07783658802509308,
,,6,9669,0.056833866983652115,
,,6,9679,2.001837968826294,
,,6,9689,0.06801383942365646,
,,6,9699,0.04321136698126793,
,,6,9709,0.11575756222009659,
,,6,9719,0.03884834796190262,
,,6,9729,0.06560128927230835,
,,6,9739,0.09097405523061752,
,,6,9749,0.06010168790817261,
,,6,9759,0.09287244081497192,
,,6,9769,0.07308357954025269,
,,6,9779,0.04959728196263313,
,,6,9789,0.06097840890288353,
,,6,9799,0.05068151652812958,
,,6,9809,0.06969930231571198,
,,6,9819,0.11028698086738586,
,,6,9829,0.04449393227696419,
,,6,9839,0.06953707337379456,
,,6,9849,0.04166335612535477,
,,6,9859,0.08506999164819717,
,,6,9869,0.02178642712533474,
,,6,9879,0.02973749302327633,
,,6,9889,0.054658833891153336,
,,6,9899,0.031579770147800446,
,,6,9909,0.07822883874177933,
,,6,9919,0.08951447904109955,
,,6,9929,0.04633207619190216,
,,6,9939,0.048324353992938995,
,,6,9949,0.058442939072847366,
,,6,9959,0.06412214040756226,
,,6,9969,0.15287025272846222,
,,6,9979,0.07723036408424377,
,,6,9989,0.05087036266922951,
,,6,9999,0.07656823843717575,
,,6,10009,0.05812591686844826,
,,6,10019,0.03915032744407654,
,,6,10029,0.03683149442076683,
,,6,10039,0.04476136714220047,
,,6,10049,0.06486998498439789,
,,6,10059,0.06763733178377151,
,,6,10069,0.09012963622808456,
,,6,10079,0.060480996966362,
,,6,10089,0.09737733006477356,
,,6,10099,0.05368400737643242,
,,6,10109,0.18341262638568878,
,,6,10119,0.07945772260427475,
,,6,10129,0.06288904696702957,
,,6,10139,0.08017387241125107,
,,6,10149,0.06886220723390579,
,,6,10159,0.0349905788898468,
,,6,10169,0.05729302763938904,
,,6,10179,0.058658599853515625,
,,6,10189,0.08693114668130875,
,,6,10199,0.21972590684890747,
,,6,10209,0.11017698049545288,
,,6,10219,0.04189809784293175,
,,6,10229,0.04597693309187889,
,,6,10239,0.08082471042871475,
,,6,10249,0.025886254385113716,
,,6,10259,0.03631867840886116,
,,6,10269,0.060923781245946884,
,,6,10279,0.07903909683227539,
,,6,10289,0.06311448663473129,
,,6,10299,0.06993971019983292,
,,6,10309,0.18578262627124786,
,,6,10319,0.08434168249368668,
,,6,10329,0.11076942831277847,
,,6,10339,0.10325673967599869,
,,6,10349,0.06486987322568893,
,,6,10359,0.08643239736557007,
,,6,10369,0.08838152885437012,
,,6,10379,0.04383481666445732,
,,6,10389,0.07465296983718872,
,,6,10399,0.05130818113684654,
,,6,10409,0.08916221559047699,
,,6,10419,0.04027104750275612,
,,6,10429,0.06475850939750671,
,,6,10439,0.06743007898330688,
,,6,10449,0.07628122717142105,
,,6,10459,0.03799719363451004,
,,6,10469,0.05021311715245247,
,,6,10479,0.09889720380306244,
,,6,10489,0.041134268045425415,
,,6,10499,0.13812968134880066,
,,6,10509,0.08654628694057465,
,,6,10519,0.050362344831228256,
,,6,10529,0.029960598796606064,
,,6,10539,0.09158485382795334,
,,6,10549,0.030232513323426247,
,,6,10559,0.05004499852657318,
,,6,10569,0.04743693396449089,
,,6,10579,0.03115757741034031,
,,6,10589,0.14097723364830017,
,,6,10599,0.08557691425085068,
,,6,10609,0.06785226613283157,
,,6,10619,0.07348599284887314,
,,6,10629,0.038006387650966644,
,,6,10639,0.049332574009895325,
,,6,10649,0.054207943379879,
,,6,10659,0.08572283387184143,
,,6,10669,0.0417475700378418,
,,6,10679,0.08645112812519073,
,,6,10689,0.10788262635469437,
,,6,10699,0.0783640667796135,
,,6,10709,0.08723132312297821,
,,6,10719,0.03054933063685894,
,,6,10729,0.18299195170402527,
,,6,10739,0.09332768619060516,
,,6,10749,0.06808017939329147,
,,6,10759,0.0917101725935936,
,,6,10769,0.05428297072649002,
,,6,10779,0.23554424941539764,
,0.06914622336626053,6,10779,,0.06916403025388718
0.09771935641765594,,6,10779,,
,,7,10789,0.04967198893427849,
,,7,10799,0.04811307415366173,
,,7,10809,0.03583488613367081,
,,7,10819,0.06478223949670792,
,,7,10829,0.05678285285830498,
,,7,10839,0.06002787500619888,
,,7,10849,0.1670517772436142,
,,7,10859,0.05053179711103439,
,,7,10869,0.12457337975502014,
,,7,10879,0.038408536463975906,
,,7,10889,0.03142457455396652,
,,7,10899,0.11841680109500885,
,,7,10909,0.0819469466805458,
,,7,10919,0.10692934691905975,
,,7,10929,0.05087980628013611,
,,7,10939,0.09098631888628006,
,,7,10949,0.06574065238237381,
,,7,10959,0.08675872534513474,
,,7,10969,0.0629156157374382,
,,7,10979,0.08836350589990616,
,,7,10989,0.05238465592265129,
,,7,10999,0.11121810972690582,
,,7,11009,0.21561852097511292,
,,7,11019,0.13126568496227264,
,,7,11029,0.044427916407585144,
,,7,11039,0.07940021902322769,
,,7,11049,0.056996867060661316,
,,7,11059,0.08029280602931976,
,,7,11069,0.052929606288671494,
,,7,11079,0.09236657619476318,
,,7,11089,0.08398300409317017,
,,7,11099,0.07557902485132217,
,,7,11109,0.08212544023990631,
,,7,11119,0.07882919907569885,
,,7,11129,0.04660917818546295,
,,7,11139,0.06480000913143158,
,,7,11149,0.16907550394535065,
,,7,11159,0.1177927777171135,
,,7,11169,0.06159783899784088,
,,7,11179,0.04005062207579613,
,,7,11189,0.15552008152008057,
,,7,11199,0.06504376977682114,
,,7,11209,0.02818247862160206,
,,7,11219,0.07953102141618729,
,,7,11229,0.06585320830345154,
,,7,11239,0.08863690495491028,
,,7,11249,0.09682966768741608,
,,7,11259,0.02460712194442749,
,,7,11269,0.0655817911028862,
,,7,11279,0.11938823759555817,
,,7,11289,0.07451389729976654,
,,7,11299,0.0735611841082573,
,,7,11309,0.18196122348308563,
,,7,11319,0.03575357794761658,
,,7,11329,0.05882911756634712,
,,7,11339,0.06667117029428482,
,,7,11349,0.057486727833747864,
,,7,11359,0.036985404789447784,
,,7,11369,1.4618241786956787,
,,7,11379,0.051286645233631134,
,,7,11389,0.1210583746433258,
,,7,11399,0.05341077223420143,
,,7,11409,0.129844069480896,
,,7,11419,0.08870186656713486,
,,7,11429,0.03896329924464226,
,,7,11439,0.0652352124452591,
,,7,11449,0.09145192801952362,
,,7,11459,0.03903091698884964,
,,7,11469,0.04915666580200195,
,,7,11479,0.03558279573917389,
,,7,11489,0.07536208629608154,
,,7,11499,0.10286097228527069,
,,7,11509,0.1043446734547615,
,,7,11519,0.09892406314611435,
,,7,11529,0.08419221639633179,
,,7,11539,0.0926504135131836,
,,7,11549,0.06514058262109756,
,,7,11559,0.1385606974363327,
,,7,11569,0.08192362636327744,
,,7,11579,0.02661612629890442,
,,7,11589,0.05473185330629349,
,,7,11599,0.06890127807855606,
,,7,11609,0.06295933574438095,
,,7,11619,0.04493004456162453,
,,7,11629,0.07023366540670395,
,,7,11639,0.029711438342928886,
,,7,11649,0.03397765010595322,
,,7,11659,0.0798344686627388,
,,7,11669,0.04416541010141373,
,,7,11679,0.048068396747112274,
,,7,11689,0.09743279218673706,
,,7,11699,0.07438758760690689,
,,7,11709,0.08410825580358505,
,,7,11719,0.06423616409301758,
,,7,11729,0.07965116947889328,
,,7,11739,0.06815793365240097,
,,7,11749,0.06557120382785797,
,,7,11759,0.03192662075161934,
,,7,11769,0.03229741379618645,
,,7,11779,0.06204203888773918,
,,7,11789,0.07568002492189407,
,,7,11799,0.09787637740373611,
,,7,11809,0.03776039183139801,
,,7,11819,0.10058515518903732,
,,7,11829,0.04160754755139351,
,,7,11839,0.049851782619953156,
,,7,11849,0.0590592585504055,
,,7,11859,0.06692545861005783,
,,7,11869,0.10883728414773941,
,,7,11879,0.07519001513719559,
,,7,11889,0.025366369634866714,
,,7,11899,0.054098084568977356,
,,7,11909,0.06287610530853271,
,,7,11919,0.1344730705022812,
,,7,11929,0.051031265407800674,
,,7,11939,0.041014693677425385,
,,7,11949,0.040587350726127625,
,,7,11959,0.06857337802648544,
,,7,11969,0.08929513394832611,
,,7,11979,0.02672254666686058,
,,7,11989,0.02656284160912037,
,,7,11999,0.04378512129187584,
,,7,12009,0.058131974190473557,
,,7,12019,0.0472087562084198,
,,7,12029,0.05638260766863823,
,,7,12039,0.060843076556921005,
,,7,12049,0.027295704931020737,
,,7,12059,0.1350383460521698,
,,7,12069,0.04752931743860245,
,,7,12079,3.16705584526062,
,,7,12089,0.06935321539640427,
,,7,12099,0.05591617152094841,
,,7,12109,0.06159134581685066,
,,7,12119,0.10003457963466644,
,,7,12129,0.030829938128590584,
,,7,12139,0.13754282891750336,
,,7,12149,0.07272420078516006,
,,7,12159,0.08696445822715759,
,,7,12169,0.1328684538602829,
,,7,12179,0.07929594069719315,
,,7,12189,0.05840527266263962,
,,7,12199,0.14927910268306732,
,,7,12209,0.06834207475185394,
,,7,12219,0.07158961147069931,
,,7,12229,0.05663267895579338,
,,7,12239,0.0936422124505043,
,,7,12249,0.1168898418545723,
,,7,12259,0.052582036703825,
,,7,12269,0.05161997675895691,
,,7,12279,0.04022730141878128,
,,7,12289,0.03472759947180748,
,,7,12299,0.054286740720272064,
,,7,12309,0.05655442178249359,
,,7,12319,0.06593545526266098,
,0.07603278011083603,7,12319,,0.07605140656232834
0.0935928151011467,,7,12319,,
,,8,12329,0.04279489070177078,
,,8,12339,0.11334729939699173,
,,8,12349,0.03993235528469086,
,,8,12359,0.040005963295698166,
,,8,12369,0.06251818686723709,
,,8,12379,0.03457857668399811,
,,8,12389,0.03755422681570053,
,,8,12399,0.08307122439146042,
,,8,12409,0.045566145330667496,
,,8,12419,0.14140881597995758,
,,8,12429,0.05406424403190613,
,,8,12439,0.03899489343166351,
,,8,12449,0.1039295569062233,
,,8,12459,0.027816900983452797,
,,8,12469,0.0808320865035057,
,,8,12479,0.10874688625335693,
,,8,12489,0.04844193160533905,
,,8,12499,0.06689734011888504,
,,8,12509,0.026902751997113228,
,,8,12519,0.07247082144021988,
,,8,12529,0.0928947851061821,
,,8,12539,0.04092405363917351,
,,8,12549,0.1416681706905365,
,,8,12559,0.03995708376169205,
,,8,12569,0.11139709502458572,
,,8,12579,0.10301826894283295,
,,8,12589,0.12291065603494644,
,,8,12599,0.05736613646149635,
,,8,12609,0.05820851773023605,
,,8,12619,0.060016289353370667,
,,8,12629,0.045610010623931885,
,,8,12639,0.05711854621767998,
,,8,12649,0.08956123888492584,
,,8,12659,0.1314457803964615,
,,8,12669,0.03885054215788841,
,,8,12679,0.11152436584234238,
,,8,12689,0.08056729286909103,
,,8,12699,0.08191650360822678,
,,8,12709,0.031126363202929497,
,,8,12719,0.08463585376739502,
,,8,12729,0.11992146074771881,
,,8,12739,0.0628775805234909,
,,8,12749,0.02851630002260208,
,,8,12759,0.030810561031103134,
,,8,12769,0.05977526307106018,
,,8,12779,0.08510839194059372,
,,8,12789,0.04008754715323448,
,,8,12799,0.08855493366718292,
,,8,12809,0.03026515804231167,
,,8,12819,0.085323266685009,
,,8,12829,0.10308445245027542,
,,8,12839,0.08302434533834457,
,,8,12849,0.02552690915763378,
,,8,12859,0.03481409326195717,
,,8,12869,0.11875046044588089,
,,8,12879,0.027979031205177307,
,,8,12889,0.04337727278470993,
,,8,12899,0.08483253419399261,
,,8,12909,0.1223091185092926,
,,8,12919,0.05151374638080597,
,,8,12929,0.07411643862724304,
,,8,12939,0.04782186076045036,
,,8,12949,0.07699944823980331,
,,8,12959,0.1568014770746231,
,,8,12969,0.06898830831050873,
,,8,12979,0.0762842670083046,
,,8,12989,0.06991623342037201,
,,8,12999,0.04982196167111397,
,,8,13009,0.08567047864198685,
,,8,13019,0.04809337854385376,
,,8,13029,0.048650387674570084,
,,8,13039,0.07360831648111343,
,,8,13049,1.971656322479248,
,,8,13059,0.051204148679971695,
,,8,13069,0.11245624721050262,
,,8,13079,0.07870794087648392,
,,8,13089,0.0910390317440033,
,,8,13099,0.06057273969054222,
,,8,13109,0.12578845024108887,
,,8,13119,0.0393461212515831,
,,8,13129,0.056704822927713394,
,,8,13139,0.07298237830400467,
,,8,13149,0.07780018448829651,
,,8,13159,0.033157169818878174,
,,8,13169,0.053516171872615814,
,,8,13179,0.06620725244283676,
,,8,13189,0.05091475695371628,
,,8,13199,0.06647928059101105,
,,8,13209,0.02937992848455906,
,,8,13219,0.044991813600063324,
,,8,13229,0.07117117941379547,
,,8,13239,0.09041701257228851,
,,8,13249,0.040104471147060394,
,,8,13259,0.03374234586954117,
,,8,13269,0.05890369415283203,
,,8,13279,0.1042647734284401,
,,8,13289,0.1119326651096344,
,,8,13299,0.015820972621440887,
,,8,13309,0.11018529534339905,
,,8,13319,0.0407634973526001,
,,8,13329,0.07961402088403702,
,,8,13339,0.10215310007333755,
,,8,13349,0.06181684508919716,
,,8,13359,0.1361565887928009,
,,8,13369,0.050223808735609055,
,,8,13379,0.04259349778294563,
,,8,13389,0.053344741463661194,
,,8,13399,0.07133708149194717,
,,8,13409,0.032062772661447525,
,,8,13419,0.04816028103232384,
,,8,13429,0.06520890444517136,
,,8,13439,0.06908973306417465,
,,8,13449,0.10724891722202301,
,,8,13459,0.03324085846543312,
,,8,13469,0.03295884653925896,
,,8,13479,0.027627067640423775,
,,8,13489,0.06820140779018402,
,,8,13499,0.08369320631027222,
,,8,13509,0.050429314374923706,
,,8,13519,0.040654849261045456,
,,8,13529,0.06451726704835892,
,,8,13539,0.045947879552841187,
,,8,13549,0.18823455274105072,
,,8,13559,0.12407226860523224,
,,8,13569,0.05158641189336777,
,,8,13579,0.09619127213954926,
,,8,13589,0.1040499359369278,
,,8,13599,0.07467498630285263,
,,8,13609,0.07041115313768387,
,,8,13619,0.024585004895925522,
,,8,13629,0.08893494307994843,
,,8,13639,0.05739255249500275,
,,8,13649,0.08565351366996765,
,,8,13659,0.0466492585837841,
,,8,13669,0.14327967166900635,
,,8,13679,0.042469367384910583,
,,8,13689,0.08777670562267303,
,,8,13699,0.15596286952495575,
,,8,13709,0.04752656817436218,
,,8,13719,0.042427074164152145,
,,8,13729,0.0406322255730629,
,,8,13739,0.07108618319034576,
,,8,13749,0.0669819787144661,
,,8,13759,0.14098529517650604,
,,8,13769,0.05594625696539879,
,,8,13779,0.06276241689920425,
,,8,13789,0.06255805492401123,
,,8,13799,0.07895065099000931,
,,8,13809,0.04652378335595131,
,,8,13819,0.039565104991197586,
,,8,13829,0.05869234353303909,
,,8,13839,0.06980965286493301,
,,8,13849,0.07250693440437317,
,,8,13859,0.2371501326560974,
,0.07726585119962692,8,13859,,0.07727842777967453
0.09120668470859528,,8,13859,,
,,9,13869,0.054089173674583435,
,,9,13879,0.06861386448144913,
,,9,13889,0.0616646446287632,
,,9,13899,0.06662285327911377,
,,9,13909,0.06523901969194412,
,,9,13919,0.04271027818322182,
,,9,13929,0.05666757747530937,
,,9,13939,0.0686015784740448,
,,9,13949,0.038041651248931885,
,,9,13959,0.08834628015756607,
,,9,13969,0.04966077581048012,
,,9,13979,0.034963496029376984,
,,9,13989,0.079115130007267,
,,9,13999,0.07988732308149338,
,,9,14009,0.03522941842675209,
,,9,14019,0.09425769746303558,
,,9,14029,0.058572784066200256,
,,9,14039,0.06692932546138763,
,,9,14049,0.06099912151694298,
,,9,14059,0.055482905358076096,
,,9,14069,0.05198259651660919,
,,9,14079,0.061668798327445984,
,,9,14089,0.07741811871528625,
,,9,14099,0.06153420731425285,
,,9,14109,0.07995828241109848,
,,9,14119,0.04489283263683319,
,,9,14129,0.07267899811267853,
,,9,14139,0.03008323721587658,
,,9,14149,0.05946998670697212,
,,9,14159,0.04104181006550789,
,,9,14169,0.03962592035531998,
,,9,14179,0.05109814926981926,
,,9,14189,0.04074092581868172,
,,9,14199,0.09800385683774948,
,,9,14209,0.03786410018801689,
,,9,14219,0.05955834686756134,
,,9,14229,0.05927416682243347,
,,9,14239,0.04546588286757469,
,,9,14249,0.18317583203315735,
,,9,14259,0.14149299263954163,
,,9,14269,0.04712717980146408,
,,9,14279,0.08325871080160141,
,,9,14289,0.06642449647188187,
,,9,14299,0.10261079668998718,
,,9,14309,0.04850133880972862,
,,9,14319,0.11133411526679993,
,,9,14329,0.08968313783407211,
,,9,14339,0.03290180861949921,
,,9,14349,0.05208445340394974,
,,9,14359,1.9129117727279663,
,,9,14369,0.09247484803199768,
,,9,14379,0.050273649394512177,
,,9,14389,0.1301911175251007,
,,9,14399,0.08872117102146149,
,,9,14409,0.023166539147496223,
,,9,14419,0.0917433351278305,
,,9,14429,0.0552508570253849,
,,9,14439,0.04392548277974129,
,,9,14449,0.021312277764081955,
,,9,14459,0.07673698663711548,
,,9,14469,0.06486210227012634,
,,9,14479,0.10658084601163864,
,,9,14489,0.07114351540803909,
,,9,14499,0.06387325376272202,
,,9,14509,0.09031711518764496,
,,9,14519,0.06808742880821228,
,,9,14529,0.028090553358197212,
,,9,14539,0.04211921617388725,
,,9,14549,0.06638846546411514,
,,9,14559,0.029222117736935616,
,,9,14569,0.05740655958652496,
,,9,14579,0.06453141570091248,
,,9,14589,0.04030819609761238,
,,9,14599,0.06747397035360336,
,,9,14609,0.017597634345293045,
,,9,14619,0.10010424256324768,
,,9,14629,0.053906481713056564,
,,9,14639,0.10725332051515579,
,,9,14649,0.08347880095243454,
,,9,14659,0.06381014734506607,
,,9,14669,0.05755586177110672,
,,9,14679,0.025850387290120125,
,,9,14689,0.07897962629795074,
,,9,14699,0.05828282982110977,
,,9,14709,0.06539399921894073,
,,9,14719,0.057809483259916306,
,,9,14729,0.09305205196142197,
,,9,14739,0.05992775782942772,
,,9,14749,0.05917218700051308,
,,9,14759,0.050501495599746704,
,,9,14769,0.07139643281698227,
,,9,14779,0.04511180520057678,
,,9,14789,0.08977344632148743,
,,9,14799,0.08544103801250458,
,,9,14809,0.050978779792785645,
,,9,14819,0.017146263271570206,
,,9,14829,0.021127568557858467,
,,9,14839,0.05983345955610275,
,,9,14849,0.03372523561120033,
,,9,14859,0.08140315860509872,
,,9,14869,0.09993122518062592,
,,9,14879,0.07532291859388351,
,,9,14889,0.048772890120744705,
,,9,14899,0.07757081836462021,
,,9,14909,0.026986004784703255,
,,9,14919,0.037446849048137665,
,,9,14929,0.06735742092132568,
,,9,14939,0.03071696311235428,
,,9,14949,0.07828745990991592,
,,9,14959,0.17702855169773102,
,,9,14969,0.0927395299077034,
,,9,14979,0.07750514894723892,
,,9,14989,0.053832441568374634,
,,9,14999,0.07874612510204315,
,,9,15009,0.055109355598688126,
,,9,15019,0.03884536027908325,
,,9,15029,0.08263269811868668,
,,9,15039,0.031057104468345642,
,,9,15049,0.03134068846702576,
,,9,15059,0.02972503751516342,
,,9,15069,0.12454462796449661,
,,9,15079,0.04492930695414543,
,,9,15089,0.03996286541223526,
,,9,15099,0.06507229059934616,
,,9,15109,0.12172165513038635,
,,9,15119,0.046458981931209564,
,,9,15129,0.028782686218619347,
,,9,15139,0.0730104073882103,
,,9,15149,0.039093490689992905,
,,9,15159,0.03346880152821541,
,,9,15169,0.058234475553035736,
,,9,15179,0.03711782023310661,
,,9,15189,0.08271040767431259,
,,9,15199,0.041516706347465515,
,,9,15209,0.05864105373620987,
,,9,15219,0.16142241656780243,
,,9,15229,0.07200756669044495,
,,9,15239,0.027963334694504738,
,,9,15249,0.05568796768784523,
,,9,15259,0.12636855244636536,
,,9,15269,0.080195352435112,
,,9,15279,0.04936322942376137,
,,9,15289,0.07403062283992767,
,,9,15299,0.10327546298503876,
,,9,15309,0.04900745674967766,
,,9,15319,0.1349300891160965,
,,9,15329,0.04084901139140129,
,,9,15339,0.07946744561195374,
,,9,15349,0.0820125862956047,
,,9,15359,0.03622129559516907,
,,9,15369,0.04250564053654671,
,,9,15379,0.06019381806254387,
,,9,15389,0.11287450790405273,
,,9,15399,0.0240786150097847,
,0.0742165744304657,9,15399,,0.07423314452171326
0.08871987462043762,,9,15399,,
,,10,15409,0.05414490029215813,
,,10,15419,0.019836600869894028,
,,10,15429,0.0775604248046875,
,,10,15439,0.041093502193689346,
,,10,15449,0.05374030023813248,
,,10,15459,0.10612395405769348,
,,10,15469,0.0757281631231308,
,,10,15479,0.10456782579421997,
,,10,15489,0.03932594880461693,
,,10,15499,0.08076856285333633,
,,10,15509,0.06543708592653275,
,,10,15519,0.03611389920115471,
,,10,15529,0.08017349243164062,
,,10,15539,0.05481013283133507,
,,10,15549,0.11525369435548782,
,,10,15559,0.04733968898653984,
,,10,15569,0.044973891228437424,
,,10,15579,0.09236892312765121,
,,10,15589,0.07538346946239471,
,,10,15599,0.07778278738260269,
,,10,15609,0.06965148448944092,
,,10,15619,1.0952694416046143,
,,10,15629,0.06555525958538055,
,,10,15639,0.04304520785808563,
,,10,15649,0.08295243978500366,
,,10,15659,0.0505194365978241,
,,10,15669,0.05403006449341774,
,,10,15679,0.04327452555298805,
,,10,15689,0.03922440484166145,
,,10,15699,0.07502944022417068,
,,10,15709,0.07413923740386963,
,,10,15719,0.025151651352643967,
,,10,15729,0.1605071872472763,
,,10,15739,0.07767637819051743,
,,10,15749,0.061162009835243225,
,,10,15759,0.03067426197230816,
,,10,15769,0.0461660660803318,
,,10,15779,0.053452733904123306,
,,10,15789,0.04962684586644173,
,,10,15799,0.03957747295498848,
,,10,15809,0.0835299864411354,
,,10,15819,0.03469381481409073,
,,10,15829,0.10509934276342392,
,,10,15839,0.048343632370233536,
,,10,15849,0.0561845526099205,
,,10,15859,0.05238783732056618,
,,10,15869,0.05117054656147957,
,,10,15879,0.1374211609363556,
,,10,15889,0.09978068619966507,
,,10,15899,0.057254333049058914,
,,10,15909,0.051034796983003616,
,,10,15919,0.045651648193597794,
,,10,15929,0.11857739835977554,
,,10,15939,0.059665828943252563,
,,10,15949,0.05028408020734787,
,,10,15959,0.0827285423874855,
,,10,15969,0.10523270815610886,
,,10,15979,0.06751944124698639,
,,10,15989,0.027135105803608894,
,,10,15999,0.08563128858804703,
,,10,16009,0.06587321311235428,
,,10,16019,0.02612459473311901,
,,10,16029,0.07095085084438324,
,,10,16039,0.048832934349775314,
,,10,16049,0.04765383526682854,
,,10,16059,0.03266344219446182,
,,10,16069,0.030994819477200508,
,,10,16079,0.07481162250041962,
,,10,16089,0.08569584041833878,
,,10,16099,0.021998507902026176,
,,10,16109,0.03620568662881851,
,,10,16119,0.059274930506944656,
,,10,16129,0.05070440471172333,
,,10,16139,0.08566390722990036,
,,10,16149,0.09977831691503525,
,,10,16159,0.04836396500468254,
,,10,16169,0.07596352696418762,
,,10,16179,0.09442699700593948,
,,10,16189,0.029803549870848656,
,,10,16199,0.05034333094954491,
,,10,16209,0.050504811108112335,
,,10,16219,0.044624213129282,
,,10,16229,0.042778149247169495,
,,10,16239,0.031213223934173584,
,,10,16249,0.129255473613739,
,,10,16259,0.07846476137638092,
,,10,16269,0.11617758870124817,
,,10,16279,0.05236944183707237,
,,10,16289,0.0681443139910698,
,,10,16299,0.1350632905960083,
,,10,16309,0.03248957172036171,
,,10,16319,0.12572383880615234,
,,10,16329,0.033785510808229446,
,,10,16339,0.024145683273673058,
,,10,16349,0.0367453508079052,
,,10,16359,0.053422510623931885,
,,10,16369,0.08764810115098953,
,,10,16379,0.10222624987363815,
,,10,16389,0.0673404335975647,
,,10,16399,0.10405400395393372,
,,10,16409,0.03938088193535805,
,,10,16419,0.09023312479257584,
,,10,16429,0.04081420600414276,
,,10,16439,0.043427206575870514,
,,10,16449,0.027764063328504562,
,,10,16459,0.06037000194191933,
,,10,16469,0.13207446038722992,
,,10,16479,0.11144039779901505,
,,10,16489,0.1310744434595108,
,,10,16499,0.04337470978498459,
,,10,16509,0.05638449639081955,
,,10,16519,0.04091516137123108,
,,10,16529,0.05988593399524689,
,,10,16539,0.022911373525857925,
,,10,16549,0.06714501231908798,
,,10,16559,0.1525253802537918,
,,10,16569,0.111277274787426,
,,10,16579,0.03902105242013931,
,,10,16589,0.044825561344623566,
,,10,16599,0.07617373019456863,
,,10,16609,0.13089096546173096,
,,10,16619,0.13237978518009186,
,,10,16629,0.08013346791267395,
,,10,16639,0.07170397788286209,
,,10,16649,0.08235211670398712,
,,10,16659,0.10608255118131638,
,,10,16669,0.14173512160778046,
,,10,16679,0.09940821677446365,
,,10,16689,0.09629526734352112,
,,10,16699,0.06558331102132797,
,,10,16709,0.05578604340553284,
,,10,16719,0.05442885309457779,
,,10,16729,0.03881863132119179,
,,10,16739,0.05679476633667946,
,,10,16749,0.04099233075976372,
,,10,16759,0.054903775453567505,
,,10,16769,0.024867990985512733,
,,10,16779,0.11832719296216965,
,,10,16789,0.10538841784000397,
,,10,16799,0.02932407520711422,
,,10,16809,0.020444238558411598,
,,10,16819,0.02910766750574112,
,,10,16829,0.0315503366291523,
,,10,16839,0.13811258971691132,
,,10,16849,0.04685690626502037,
,,10,16859,0.030960818752646446,
,,10,16869,0.05803972855210304,
,,10,16879,0.05684368312358856,
,,10,16889,0.2342802733182907,
,,10,16899,0.03646249696612358,
,,10,16909,0.07088352739810944,
,,10,16919,0.030971504747867584,
,,10,16929,0.02943365089595318,
,,10,16939,8.299760818481445,
,0.10482163727283478,10,16939,,0.10484161972999573
0.08981326967477798,,10,16939,,
,,11,16949,0.18451380729675293,
,,11,16959,0.09658580273389816,
,,11,16969,0.07406391948461533,
,,11,16979,0.09957780689001083,
,,11,16989,0.03722487390041351,
,,11,16999,0.1393955945968628,
,,11,17009,0.061761196702718735,
,,11,17019,0.06864988058805466,
,,11,17029,0.028631020337343216,
,,11,17039,0.08383801579475403,
,,11,17049,0.05546443909406662,
,,11,17059,0.11160542815923691,
,,11,17069,0.059650156646966934,
,,11,17079,0.07898446917533875,
,,11,17089,0.10089052468538284,
,,11,17099,0.0644674301147461,
,,11,17109,3.223414421081543,
,,11,17119,0.048918578773736954,
,,11,17129,0.12354022264480591,
,,11,17139,0.1175084188580513,
,,11,17149,0.06619805842638016,
,,11,17159,0.046355001628398895,
,,11,17169,0.025314267724752426,
,,11,17179,0.07334595173597336,
,,11,17189,0.05775633454322815,
,,11,17199,0.019858507439494133,
,,11,17209,0.09473856538534164,
,,11,17219,0.07309706509113312,
,,11,17229,0.16935665905475616,
,,11,17239,0.050549622625112534,
,,11,17249,0.0443413145840168,
,,11,17259,0.05151492729783058,
,,11,17269,0.11642161011695862,
,,11,17279,0.054270852357149124,
,,11,17289,0.047870438545942307,
,,11,17299,0.03876456618309021,
,,11,17309,0.04759101942181587,
,,11,17319,0.042689114809036255,
,,11,17329,0.04773358628153801,
,,11,17339,0.07740715891122818,
,,11,17349,0.03101518005132675,
,,11,17359,0.09526117146015167,
,,11,17369,0.023980041965842247,
,,11,17379,0.055581849068403244,
,,11,17389,0.0871361568570137,
,,11,17399,0.09496549516916275,
,,11,17409,0.024663954973220825,
,,11,17419,0.11788907647132874,
,,11,17429,0.03652165085077286,
,,11,17439,0.09435086697340012,
,,11,17449,0.16786067187786102,
,,11,17459,0.045044247061014175,
,,11,17469,0.06799817830324173,
,,11,17479,0.0484623908996582,
,,11,17489,0.027473799884319305,
,,11,17499,0.044177182018756866,
,,11,17509,0.0362999364733696,
,,11,17519,0.1171226054430008,
,,11,17529,0.0495682992041111,
,,11,17539,0.10313548147678375,
,,11,17549,0.026681551709771156,
,,11,17559,0.03738126531243324,
,,11,17569,0.1236061155796051,
,,11,17579,0.05942215025424957,
,,11,17589,0.037629518657922745,
,,11,17599,0.07241157442331314,
,,11,17609,0.024390224367380142,
,,11,17619,0.10710017383098602,
,,11,17629,0.1101110503077507,
,,11,17639,0.08567146956920624,
,,11,17649,0.10058886557817459,
,,11,17659,0.09764371812343597,
,,11,17669,0.04788157716393471,
,,11,17679,0.12605352699756622,
,,11,17689,0.021716734394431114,
,,11,17699,0.0396762415766716,
,,11,17709,0.050922736525535583,
,,11,17719,0.13451583683490753,
,,11,17729,0.05033436417579651,
,,11,17739,0.048014942556619644,
,,11,17749,0.0360417440533638,
,,11,17759,0.0763406753540039,
,,11,17769,0.032488029450178146,
,,11,17779,0.06826222687959671,
,,11,17789,0.03856143355369568,
,,11,17799,0.0309563297778368,
,,11,17809,0.015623703598976135,
,,11,17819,0.07496339082717896,
,,11,17829,0.04755087569355965,
,,11,17839,0.07701675593852997,
,,11,17849,0.06392345577478409,
,,11,17859,0.07483328878879547,
,,11,17869,0.06364050507545471,
,,11,17879,0.05755968764424324,
,,11,17889,0.07691623270511627,
,,11,17899,0.03310434892773628,
,,11,17909,0.06720184534788132,
,,11,17919,0.17953212559223175,
,,11,17929,0.06351438164710999,
,,11,17939,0.04552092403173447,
,,11,17949,0.04306229203939438,
,,11,17959,0.037144675850868225,
,,11,17969,0.0338413380086422,
,,11,17979,0.053611818701028824,
,,11,17989,0.09437200427055359,
,,11,17999,0.0893547460436821,
,,11,18009,0.01690293662250042,
,,11,18019,0.0474768728017807,
,,11,18029,0.08393913507461548,
,,11,18039,0.07319473475217819,
,,11,18049,0.10229665040969849,
,,11,18059,0.0412348173558712,
,,11,18069,0.09442692250013351,
,,11,18079,0.06563235074281693,
,,11,18089,0.13927648961544037,
,,11,18099,0.12791545689105988,
,,11,18109,0.12609876692295074,
,,11,18119,0.08811013400554657,
,,11,18129,0.1859331876039505,
,,11,18139,0.022037185728549957,
,,11,18149,0.1211647093296051,
,,11,18159,0.04318857565522194,
,,11,18169,0.13647979497909546,
,,11,18179,0.11674542725086212,
,,11,18189,0.043908264487981796,
,,11,18199,0.06429369747638702,
,,11,18209,0.03409191966056824,
,,11,18219,0.036747124046087265,
,,11,18229,0.15190602838993073,
,,11,18239,0.03332027047872543,
,,11,18249,0.09438440203666687,
,,11,18259,0.045545246452093124,
,,11,18269,0.09701627492904663,
,,11,18279,1.601855754852295,
,,11,18289,0.05119728669524193,
,,11,18299,0.08832395076751709,
,,11,18309,0.05765775963664055,
,,11,18319,0.027477923780679703,
,,11,18329,0.08121582865715027,
,,11,18339,0.046193163841962814,
,,11,18349,0.08053050190210342,
,,11,18359,0.05476689711213112,
,,11,18369,0.08784787356853485,
,,11,18379,0.048119429498910904,
,,11,18389,0.05938798561692238,
,,11,18399,0.04123661667108536,
,,11,18409,0.04248543083667755,
,,11,18419,0.10154666006565094,
,,11,18429,0.034632980823516846,
,,11,18439,0.039593931287527084,
,,11,18449,0.04759354889392853,
,,11,18459,0.05862996727228165,
,,11,18469,0.05427248775959015,
,,11,18479,0.040257520973682404,
,0.05725282430648804,11,18479,,0.05726892501115799
0.08825579285621643,,11,18479,,
,,12,18489,0.03276792913675308,
,,12,18499,0.1188763976097107,
,,12,18509,0.053942300379276276,
,,12,18519,0.1003783643245697,
,,12,18529,0.041405435651540756,
,,12,18539,0.05126934498548508,
,,12,18549,0.10807060450315475,
,,12,18559,0.03742959350347519,
,,12,18569,0.02704709768295288,
,,12,18579,0.05107676982879639,
,,12,18589,0.06650035083293915,
,,12,18599,0.04355611279606819,
,,12,18609,0.029478125274181366,
,,12,18619,0.06877095997333527,
,,12,18629,0.037397921085357666,
,,12,18639,0.06251507997512817,
,,12,18649,0.027184413745999336,
,,12,18659,0.05967124551534653,
,,12,18669,0.05031012371182442,
,,12,18679,0.0435614138841629,
,,12,18689,0.028277067467570305,
,,12,18699,0.04057253152132034,
,,12,18709,0.032642923295497894,
,,12,18719,0.08936581015586853,
,,12,18729,0.04103328660130501,
,,12,18739,0.03382007032632828,
,,12,18749,0.08979552239179611,
,,12,18759,0.038552697747945786,
,,12,18769,0.049695901572704315,
,,12,18779,0.07405431568622589,
,,12,18789,0.09231246262788773,
,,12,18799,0.03145669400691986,
,,12,18809,0.03478366881608963,
,,12,18819,0.053198814392089844,
,,12,18829,0.09047813713550568,
,,12,18839,0.18564270436763763,
,,12,18849,0.0825522169470787,
,,12,18859,0.09799865633249283,
,,12,18869,0.07586128264665604,
,,12,18879,0.09157099574804306,
,,12,18889,0.0472940132021904,
,,12,18899,0.04816232994198799,
,,12,18909,0.14174212515354156,
,,12,18919,0.09070944786071777,
,,12,18929,0.0625334233045578,
,,12,18939,0.050041332840919495,
,,12,18949,0.09041919559240341,
,,12,18959,0.07564900070428848,
,,12,18969,0.05069608986377716,
,,12,18979,0.02591109089553356,
,,12,18989,0.030254969373345375,
,,12,18999,0.021240871399641037,
,,12,19009,0.05538405105471611,
,,12,19019,0.08627679198980331,
,,12,19029,0.07473272830247879,
,,12,19039,0.03508220613002777,
,,12,19049,0.041932620108127594,
,,12,19059,0.055817339569330215,
,,12,19069,0.04220562055706978,
,,12,19079,0.032177697867155075,
,,12,19089,0.03602990508079529,
,,12,19099,0.10308238118886948,
,,12,19109,0.07495798915624619,
,,12,19119,0.036260802298784256,
,,12,19129,0.10613112151622772,
,,12,19139,0.07085249572992325,
,,12,19149,0.05062984302639961,
,,12,19159,0.05937289074063301,
,,12,19169,0.15460661053657532,
,,12,19179,0.031899344176054,
,,12,19189,0.03467331826686859,
,,12,19199,0.03827971965074539,
,,12,19209,0.037116218358278275,
,,12,19219,0.035065487027168274,
,,12,19229,0.02002604492008686,
,,12,19239,0.027891499921679497,
,,12,19249,0.04194601997733116,
,,12,19259,0.09460600465536118,
,,12,19269,0.05760835111141205,
,,12,19279,0.07456759363412857,
,,12,19289,0.03236766904592514,
,,12,19299,0.023834269493818283,
,,12,19309,0.045442644506692886,
,,12,19319,0.05547737330198288,
,,12,19329,0.05249602720141411,
,,12,19339,0.06332506984472275,
,,12,19349,0.1008632481098175,
,,12,19359,0.12969787418842316,
,,12,19369,0.030549025163054466,
,,12,19379,0.055680084973573685,
,,12,19389,0.11099901050329208,
,,12,19399,0.031241213902831078,
,,12,19409,0.0503070205450058,
,,12,19419,0.05983152985572815,
,,12,19429,0.03580772504210472,
,,12,19439,0.12072955071926117,
,,12,19449,0.0978734940290451,
,,12,19459,0.12456291168928146,
,,12,19469,0.07981880009174347,
,,12,19479,0.11678299307823181,
,,12,19489,0.04116293787956238,
,,12,19499,0.05513478070497513,
,,12,19509,0.13441544771194458,
,,12,19519,0.029965337365865707,
,,12,19529,0.1607370525598526,
,,12,19539,0.08612494170665741,
,,12,19549,0.03220336511731148,
,,12,19559,0.03357594087719917,
,,12,19569,1.4683146476745605,
,,12,19579,0.07493742555379868,
,,12,19589,0.10709600150585175,
,,12,19599,0.08473268896341324,
,,12,19609,0.14247643947601318,
,,12,19619,0.04506264626979828,
,,12,19629,0.07343044131994247,
,,12,19639,0.04592009633779526,
,,12,19649,0.029427573084831238,
,,12,19659,0.024381127208471298,
,,12,19669,0.0980924740433693,
,,12,19679,0.0984334871172905,
,,12,19689,0.04053017497062683,
,,12,19699,0.04568329453468323,
,,12,19709,0.11909284442663193,
,,12,19719,0.10082744061946869,
,,12,19729,0.12136901915073395,
,,12,19739,0.09615831077098846,
,,12,19749,0.08340896666049957,
,,12,19759,0.11699096858501434,
,,12,19769,0.04962649196386337,
,,12,19779,0.03668538108468056,
,,12,19789,0.0300576351583004,
,,12,19799,0.1304449439048767,
,,12,19809,0.07637157291173935,
,,12,19819,0.10381078720092773,
,,12,19829,0.04070831462740898,
,,12,19839,0.07087057828903198,
,,12,19849,0.025712227448821068,
,,12,19859,0.031982313841581345,
,,12,19869,0.03860948979854584,
,,12,19879,0.028807714581489563,
,,12,19889,0.05776972696185112,
,,12,19899,0.1279727965593338,
,,12,19909,0.03581715375185013,
,,12,19919,0.07556690275669098,
,,12,19929,0.10591217130422592,
,,12,19939,0.06723706424236298,
,,12,19949,0.02982523664832115,
,,12,19959,0.043346378952264786,
,,12,19969,0.0535275898873806,
,,12,19979,0.07522474229335785,
,,12,19989,0.04259320721030235,
,,12,19999,0.05646680295467377,
,,12,20009,0.08654826134443283,
,,12,20019,0.020196203142404556,
,0.06161795184016228,12,20019,,0.061634767800569534
0.08501184731721878,,12,20019,,
,,13,20029,0.08935684710741043,
,,13,20039,0.0301986001431942,
,,13,20049,0.0538293793797493,
,,13,20059,0.051483988761901855,
,,13,20069,0.028193004429340363,
,,13,20079,0.03455094248056412,
,,13,20089,0.02854987606406212,
,,13,20099,0.10449056327342987,
,,13,20109,0.031588997691869736,
,,13,20119,0.029925432056188583,
,,13,20129,0.050653066486120224,
,,13,20139,0.06464199721813202,
,,13,20149,0.03529024124145508,
,,13,20159,0.12099690735340118,
,,13,20169,0.04215103015303612,
,,13,20179,0.15342015027999878,
,,13,20189,0.03255822882056236,
,,13,20199,0.05220755934715271,
,,13,20209,0.06578702479600906,
,,13,20219,0.06287160515785217,
,,13,20229,0.1471921056509018,
,,13,20239,0.08032004535198212,
,,13,20249,0.05908586084842682,
,,13,20259,0.055360641330480576,
,,13,20269,0.05120925232768059,
,,13,20279,0.03329380601644516,
,,13,20289,0.052031613886356354,
,,13,20299,0.0585843026638031,
,,13,20309,0.02741578221321106,
,,13,20319,0.026333525776863098,
,,13,20329,1.8229008913040161,
,,13,20339,0.09535668790340424,
,,13,20349,0.0347466804087162,
,,13,20359,0.07949095964431763,
,,13,20369,0.014667336829006672,
,,13,20379,0.036031901836395264,
,,13,20389,0.056788574904203415,
,,13,20399,0.06797553598880768,
,,13,20409,0.05465121194720268,
,,13,20419,0.06635239720344543,
,,13,20429,0.06481005996465683,
,,13,20439,0.04045984521508217,
,,13,20449,0.06358670443296432,
,,13,20459,0.08690059930086136,
,,13,20469,0.027770167216658592,
,,13,20479,0.03130814805626869,
,,13,20489,0.03237887844443321,
,,13,20499,0.02691100910305977,
,,13,20509,0.057669851928949356,
,,13,20519,0.07937192171812057,
,,13,20529,0.06946589052677155,
,,13,20539,0.03296876326203346,
,,13,20549,0.02527153305709362,
,,13,20559,0.03780107572674751,
,,13,20569,3.142061471939087,
,,13,20579,0.09114570170640945,
,,13,20589,0.07710334658622742,
,,13,20599,0.046036072075366974,
,,13,20609,0.04303060472011566,
,,13,20619,0.061148274689912796,
,,13,20629,0.05048541724681854,
,,13,20639,0.06148415431380272,
,,13,20649,0.07306662201881409,
,,13,20659,0.0589236281812191,
,,13,20669,0.04950229823589325,
,,13,20679,0.12803341448307037,
,,13,20689,0.07515308260917664,
,,13,20699,0.11135205626487732,
,,13,20709,0.09274757653474808,
,,13,20719,0.06634521484375,
,,13,20729,0.05555008724331856,
,,13,20739,0.06590587645769119,
,,13,20749,0.029775353148579597,
,,13,20759,0.039708200842142105,
,,13,20769,0.06953442841768265,
,,13,20779,0.09630857408046722,
,,13,20789,0.09474697709083557,
,,13,20799,0.15148615837097168,
,,13,20809,0.04287835955619812,
,,13,20819,0.04443753510713577,
,,13,20829,0.04153389856219292,
,,13,20839,0.03356035053730011,
,,13,20849,0.036257389932870865,
,,13,20859,0.05238819867372513,
,,13,20869,0.12791770696640015,
,,13,20879,0.05275573581457138,
,,13,20889,0.053562313318252563,
,,13,20899,0.029292430728673935,
,,13,20909,0.07252544909715652,
,,13,20919,0.16001679003238678,
,,13,20929,0.07168778777122498,
,,13,20939,0.07810822874307632,
,,13,20949,0.020271020010113716,
,,13,20959,0.067401222884655,
,,13,20969,0.05160586163401604,
,,13,20979,0.0321991965174675,
,,13,20989,0.03362354263663292,
,,13,20999,0.06378546357154846,
,,13,21009,0.05527384579181671,
,,13,21019,0.04235532879829407,
,,13,21029,0.02578209713101387,
,,13,21039,0.08197489380836487,
,,13,21049,0.09877321869134903,
,,13,21059,0.0649053230881691,
,,13,21069,0.0658552274107933,
,,13,21079,0.05078582838177681,
,,13,21089,0.04146972671151161,
,,13,21099,0.03240146487951279,
,,13,21109,0.043731193989515305,
,,13,21119,0.06340577453374863,
,,13,21129,0.05343753844499588,
,,13,21139,0.05929300934076309,
,,13,21149,0.11564754694700241,
,,13,21159,0.09146429598331451,
,,13,21169,0.0787523090839386,
,,13,21179,0.11174721270799637,
,,13,21189,0.04927125945687294,
,,13,21199,0.05984213203191757,
,,13,21209,0.04349853843450546,
,,13,21219,0.06152799725532532,
,,13,21229,0.09128110110759735,
,,13,21239,0.0482567697763443,
,,13,21249,0.050393491983413696,
,,13,21259,0.05682935193181038,
,,13,21269,0.055532995611429214,
,,13,21279,0.0531875416636467,
,,13,21289,0.06391122937202454,
,,13,21299,0.053784169256687164,
,,13,21309,0.03979695215821266,
,,13,21319,0.0541311651468277,
,,13,21329,0.10795146226882935,
,,13,21339,0.033264633268117905,
,,13,21349,0.058311596512794495,
,,13,21359,0.07735951989889145,
,,13,21369,0.06588210165500641,
,,13,21379,0.060119807720184326,
,,13,21389,0.07077532261610031,
,,13,21399,0.06191074475646019,
,,13,21409,0.0657447874546051,
,,13,21419,0.04753955453634262,
,,13,21429,0.022548377513885498,
,,13,21439,0.06202220916748047,
,,13,21449,0.034292470663785934,
,,13,21459,0.07749758660793304,
,,13,21469,0.05294003710150719,
,,13,21479,0.05047571286559105,
,,13,21489,0.02652999572455883,
,,13,21499,0.0266684852540493,
,,13,21509,0.0673210397362709,
,,13,21519,0.08140355348587036,
,,13,21529,0.09057164192199707,
,,13,21539,0.07107376307249069,
,,13,21549,0.023556744679808617,
,,13,21559,0.07399655878543854,
,0.05827053263783455,13,21559,,0.05828523263335228
0.08476342260837555,,13,21559,,
,,14,21569,0.1121654286980629,
,,14,21579,0.10176185518503189,
,,14,21589,0.06562460958957672,
,,14,21599,0.10565554350614548,
,,14,21609,0.030466582626104355,
,,14,21619,0.08463568240404129,
,,14,21629,0.04487091675400734,
,,14,21639,0.0885830819606781,
,,14,21649,0.03492482006549835,
,,14,21659,0.05336197093129158,
,,14,21669,0.06993798911571503,
,,14,21679,0.08665924519300461,
,,14,21689,0.04392809420824051,
,,14,21699,0.12268650531768799,
,,14,21709,0.07832647114992142,
,,14,21719,0.10047196596860886,
,,14,21729,0.1059647873044014,
,,14,21739,0.09241262823343277,
,,14,21749,0.11840560287237167,
,,14,21759,0.1421058624982834,
,,14,21769,0.07824483513832092,
,,14,21779,0.03665322810411453,
,,14,21789,0.037169985473155975,
,,14,21799,0.02773098461329937,
,,14,21809,0.02605322003364563,
,,14,21819,0.050070181488990784,
,,14,21829,0.10386516153812408,
,,14,21839,0.08697368949651718,
,,14,21849,0.10509685426950455,
,,14,21859,0.13110560178756714,
,,14,21869,0.04741235077381134,
,,14,21879,0.04345959424972534,
,,14,21889,0.02916896529495716,
,,14,21899,0.05153381824493408,
,,14,21909,0.02541377767920494,
,,14,21919,0.059921957552433014,
,,14,21929,0.05292068049311638,
,,14,21939,0.038305919617414474,
,,14,21949,0.06607332080602646,
,,14,21959,0.12264841794967651,
,,14,21969,0.06795177608728409,
,,14,21979,0.02419479377567768,
,,14,21989,0.04251093789935112,
,,14,21999,0.03167073801159859,
,,14,22009,0.0475144200026989,
,,14,22019,1.099609375,
,,14,22029,0.06827904284000397,
,,14,22039,0.03995596617460251,
,,14,22049,0.07752005755901337,
,,14,22059,0.045579809695482254,
,,14,22069,0.04917118698358536,
,,14,22079,0.035163313150405884,
,,14,22089,0.02965722419321537,
,,14,22099,0.12525632977485657,
,,14,22109,0.029637642204761505,
,,14,22119,0.08250272274017334,
,,14,22129,0.0290053877979517,
,,14,22139,0.05893519148230553,
,,14,22149,0.06607688963413239,
,,14,22159,0.04019998013973236,
,,14,22169,0.03743530809879303,
,,14,22179,0.031991489231586456,
,,14,22189,2.057697296142578,
,,14,22199,0.02631203643977642,
,,14,22209,0.039368342608213425,
,,14,22219,0.04223558306694031,
,,14,22229,0.08666739612817764,
,,14,22239,0.05940406769514084,
,,14,22249,0.01912451721727848,
,,14,22259,0.11774551868438721,
,,14,22269,0.030858974903821945,
,,14,22279,0.02707662619650364,
,,14,22289,0.10896916687488556,
,,14,22299,0.06691009551286697,
,,14,22309,0.051536448299884796,
,,14,22319,0.016198450699448586,
,,14,22329,0.06766337156295776,
,,14,22339,0.05270432308316231,
,,14,22349,0.042723558843135834,
,,14,22359,0.04189305007457733,
,,14,22369,0.04054885357618332,
,,14,22379,0.03779158368706703,
,,14,22389,0.05343056470155716,
,,14,22399,0.08170074969530106,
,,14,22409,0.06138649955391884,
,,14,22419,0.023419063538312912,
,,14,22429,0.08387536555528641,
,,14,22439,0.027145402505993843,
,,14,22449,0.11298628896474838,
,,14,22459,0.02702413685619831,
,,14,22469,0.06426186859607697,
,,14,22479,0.043278325349092484,
,,14,22489,0.02165183797478676,
,,14,22499,0.039402853697538376,
,,14,22509,0.049516912549734116,
,,14,22519,0.050562381744384766,
,,14,22529,0.03642001003026962,
,,14,22539,0.06784390658140182,
,,14,22549,0.04867209494113922,
,,14,22559,0.02505500800907612,
,,14,22569,0.08551791310310364,
,,14,22579,0.039691902697086334,
,,14,22589,0.03906851261854172,
,,14,22599,0.06812266260385513,
,,14,22609,0.0610271580517292,
,,14,22619,0.06024806946516037,
,,14,22629,0.018091276288032532,
,,14,22639,0.058164358139038086,
,,14,22649,0.15455251932144165,
,,14,22659,0.03585805371403694,
,,14,22669,0.07115056365728378,
,,14,22679,0.08230727165937424,
,,14,22689,0.09483284503221512,
,,14,22699,0.04318889603018761,
,,14,22709,0.07125615328550339,
,,14,22719,0.037781972438097,
,,14,22729,0.044908784329891205,
,,14,22739,0.04207150638103485,
,,14,22749,0.08887125551700592,
,,14,22759,0.03276096284389496,
,,14,22769,0.089879609644413,
,,14,22779,0.07191390544176102,
,,14,22789,0.11132543534040451,
,,14,22799,0.18157784640789032,
,,14,22809,0.03661408647894859,
,,14,22819,0.04690144956111908,
,,14,22829,0.06965126097202301,
,,14,22839,0.04313400387763977,
,,14,22849,0.07114777714014053,
,,14,22859,0.04019901901483536,
,,14,22869,0.02564692310988903,
,,14,22879,0.04581117630004883,
,,14,22889,0.05709351226687431,
,,14,22899,0.052459780126810074,
,,14,22909,0.08279096335172653,
,,14,22919,0.03918708860874176,
,,14,22929,0.08922961354255676,
,,14,22939,0.024253856390714645,
,,14,22949,0.014401846565306187,
,,14,22959,0.014301207847893238,
,,14,22969,0.021084057167172432,
,,14,22979,0.05348369851708412,
,,14,22989,0.10436462610960007,
,,14,22999,0.060192085802555084,
,,14,23009,0.037538670003414154,
,,14,23019,0.037176940590143204,
,,14,23029,0.10109070688486099,
,,14,23039,0.04978366941213608,
,,14,23049,0.016861356794834137,
,,14,23059,0.061442676931619644,
,,14,23069,0.056705743074417114,
,,14,23079,0.06866530328989029,
,,14,23089,0.018391689285635948,
,,14,23099,0.11585498601198196,
,0.057740118354558945,14,23099,,0.05775614455342293
0.08279336243867874,,14,23099,,
,,15,23109,0.049455251544713974,
,,15,23119,0.04206541180610657,
,,15,23129,0.0758977085351944,
,,15,23139,0.02868020534515381,
,,15,23149,0.030573172494769096,
,,15,23159,0.03511196747422218,
,,15,23169,0.05042462795972824,
,,15,23179,0.05646501109004021,
,,15,23189,0.029269402846693993,
,,15,23199,0.07856319099664688,
,,15,23209,1.4295815229415894,
,,15,23219,0.03575790673494339,
,,15,23229,0.0804743617773056,
,,15,23239,0.04799174889922142,
,,15,23249,0.03289533033967018,
,,15,23259,0.037230487912893295,
,,15,23269,0.15889476239681244,
,,15,23279,0.02646442875266075,
,,15,23289,0.077263243496418,
,,15,23299,1.4272191524505615,
,,15,23309,0.1232098937034607,
,,15,23319,0.05923710763454437,
,,15,23329,0.08106564730405807,
,,15,23339,0.05892567336559296,
,,15,23349,0.05228746682405472,
,,15,23359,0.09966789186000824,
,,15,23369,0.05223860591650009,
,,15,23379,0.04277545213699341,
,,15,23389,0.07612162083387375,
,,15,23399,0.035170942544937134,
,,15,23409,0.09768719226121902,
,,15,23419,0.03310764953494072,
,,15,23429,0.09574373811483383,
,,15,23439,0.04594103619456291,
,,15,23449,0.05444944649934769,
,,15,23459,0.10167069733142853,
,,15,23469,0.06047903746366501,
,,15,23479,0.03540315851569176,
,,15,23489,0.06279974430799484,
,,15,23499,0.04932156205177307,
,,15,23509,0.0329015739262104,
,,15,23519,0.03735153749585152,
,,15,23529,0.06031760200858116,
,,15,23539,0.038891229778528214,
,,15,23549,0.06470111012458801,
,,15,23559,0.03865838423371315,
,,15,23569,0.07887325435876846,
,,15,23579,0.02749752812087536,
,,15,23589,0.031026016920804977,
,,15,23599,0.03656180575489998,
,,15,23609,0.054661333560943604,
,,15,23619,0.07830572128295898,
,,15,23629,0.03039409965276718,
,,15,23639,0.08609433472156525,
,,15,23649,0.03188585862517357,
,,15,23659,0.06956528127193451,
,,15,23669,0.07293789088726044,
,,15,23679,0.06130869686603546,
,,15,23689,0.0427340492606163,
,,15,23699,0.03420928493142128,
,,15,23709,0.07606124132871628,
,,15,23719,0.04743408039212227,
,,15,23729,0.04529479146003723,
,,15,23739,0.0797572210431099,
,,15,23749,0.02227792888879776,
,,15,23759,0.0937815010547638,
,,15,23769,0.039384931325912476,
,,15,23779,0.06003129482269287,
,,15,23789,0.06175682321190834,
,,15,23799,0.08786895126104355,
,,15,23809,0.025711841881275177,
,,15,23819,0.06598915159702301,
,,15,23829,0.04613839089870453,
,,15,23839,0.05770842358469963,
,,15,23849,0.0316578671336174,
,,15,23859,0.045011986047029495,
,,15,23869,0.09865476936101913,
,,15,23879,0.030300376936793327,
,,15,23889,0.0416770800948143,
,,15,23899,0.058530960232019424,
,,15,23909,0.099420465528965,
,,15,23919,0.08244616538286209,
,,15,23929,0.03147468715906143,
,,15,23939,0.06996256858110428,
,,15,23949,0.0376160629093647,
,,15,23959,0.06278333067893982,
,,15,23969,0.03757162019610405,
,,15,23979,0.05914349853992462,
,,15,23989,0.05380914360284805,
,,15,23999,0.02502688579261303,
,,15,24009,0.04869970306754112,
,,15,24019,0.19705533981323242,
,,15,24029,1.9495359659194946,
,,15,24039,0.057999853044748306,
,,15,24049,0.047449756413698196,
,,15,24059,0.03515767678618431,
,,15,24069,0.08942456543445587,
,,15,24079,0.08794546127319336,
,,15,24089,0.06457679718732834,
,,15,24099,0.02950417995452881,
,,15,24109,0.03900283947587013,
,,15,24119,0.053872160613536835,
,,15,24129,0.04693374037742615,
,,15,24139,3.2443735599517822,
,,15,24149,0.03773223236203194,
,,15,24159,0.06613286584615707,
,,15,24169,0.12888062000274658,
,,15,24179,0.0415891632437706,
,,15,24189,0.05526979640126228,
,,15,24199,0.07621929049491882,
,,15,24209,0.08386826515197754,
,,15,24219,0.08026289939880371,
,,15,24229,0.05483468994498253,
,,15,24239,0.018028659746050835,
,,15,24249,0.05154621973633766,
,,15,24259,0.04734911397099495,
,,15,24269,0.05638629570603371,
,,15,24279,0.02622138522565365,
,,15,24289,0.06297409534454346,
,,15,24299,0.06605727970600128,
,,15,24309,0.07485439628362656,
,,15,24319,0.04160809889435768,
,,15,24329,0.035192910581827164,
,,15,24339,0.03439753130078316,
,,15,24349,0.09960252046585083,
,,15,24359,0.06844410300254822,
,,15,24369,0.02140343189239502,
,,15,24379,0.03311637043952942,
,,15,24389,0.02408059872686863,
,,15,24399,0.04901517927646637,
,,15,24409,0.016383808106184006,
,,15,24419,0.060554638504981995,
,,15,24429,0.07965541630983353,
,,15,24439,0.050297003239393234,
,,15,24449,0.046656325459480286,
,,15,24459,0.05694320797920227,
,,15,24469,0.03983747586607933,
,,15,24479,0.03589871898293495,
,,15,24489,0.06280893832445145,
,,15,24499,0.028031721711158752,
,,15,24509,0.10030543804168701,
,,15,24519,0.06075984612107277,
,,15,24529,0.047306329011917114,
,,15,24539,0.16679751873016357,
,,15,24549,0.024707164615392685,
,,15,24559,0.05293964967131615,
,,15,24569,0.04127628356218338,
,,15,24579,0.04788079857826233,
,,15,24589,0.09348224848508835,
,,15,24599,1.9853249788284302,
,,15,24609,0.04277436062693596,
,,15,24619,0.057660624384880066,
,,15,24629,0.029827233403921127,
,,15,24639,0.01720024272799492,
,0.05273473635315895,15,24639,,0.052748844027519226
0.08135935664176941,,15,24639,,
,,16,24649,0.045475803315639496,
,,16,24659,0.10717252641916275,
,,16,24669,0.046314042061567307,
,,16,24679,0.15213117003440857,
,,16,24689,0.04154156520962715,
,,16,24699,0.13156796991825104,
,,16,24709,0.08511533588171005,
,,16,24719,0.1254618614912033,
,,16,24729,0.047197140753269196,
,,16,24739,0.07948146015405655,
,,16,24749,0.05966128781437874,
,,16,24759,0.07631155848503113,
,,16,24769,0.09796142578125,
,,16,24779,0.11818248778581619,
,,16,24789,0.032802335917949677,
,,16,24799,0.15365785360336304,
,,16,24809,0.04174679145216942,
,,16,24819,0.06987109780311584,
,,16,24829,0.05156540498137474,
,,16,24839,0.21793808043003082,
,,16,24849,0.0392594113945961,
,,16,24859,0.04367693141102791,
,,16,24869,0.0541376955807209,
,,16,24879,0.08292167633771896,
,,16,24889,0.042164117097854614,
,,16,24899,0.048197515308856964,
,,16,24909,0.023668905720114708,
,,16,24919,0.08864293992519379,
,,16,24929,0.04850350320339203,
,,16,24939,0.027372844517230988,
,,16,24949,0.026886416599154472,
,,16,24959,0.08511249721050262,
,,16,24969,0.13798654079437256,
,,16,24979,0.06977014243602753,
,,16,24989,0.0529637485742569,
,,16,24999,0.05655834451317787,
,,16,25009,0.047864120453596115,
,,16,25019,0.08347463607788086,
,,16,25029,0.09181345999240875,
,,16,25039,0.02988455444574356,
,,16,25049,0.051890790462493896,
,,16,25059,0.040817711502313614,
,,16,25069,0.06620054692029953,
,,16,25079,0.06231487914919853,
,,16,25089,0.028717441484332085,
,,16,25099,0.08296874910593033,
,,16,25109,0.024616695940494537,
,,16,25119,0.05604785308241844,
,,16,25129,0.05569436028599739,
,,16,25139,0.03788234665989876,
,,16,25149,0.0566830076277256,
,,16,25159,0.027987906709313393,
,,16,25169,0.02261565811932087,
,,16,25179,0.03337480500340462,
,,16,25189,0.08027786761522293,
,,16,25199,0.028149668127298355,
,,16,25209,0.12848612666130066,
,,16,25219,0.05583847314119339,
,,16,25229,0.06722693145275116,
,,16,25239,0.03489990904927254,
,,16,25249,0.030419038608670235,
,,16,25259,0.021916329860687256,
,,16,25269,0.07857837527990341,
,,16,25279,0.03895482420921326,
,,16,25289,0.07263568788766861,
,,16,25299,0.09070989489555359,
,,16,25309,0.05615095794200897,
,,16,25319,0.0574427992105484,
,,16,25329,0.021711064502596855,
,,16,25339,0.07868802547454834,
,,16,25349,0.08523580431938171,
,,16,25359,0.11156884580850601,
,,16,25369,0.08847463130950928,
,,16,25379,0.037393342703580856,
,,16,25389,0.0393785759806633,
,,16,25399,0.08063676208257675,
,,16,25409,0.02745184674859047,
,,16,25419,0.029057839885354042,
,,16,25429,0.06657914817333221,
,,16,25439,0.04723922163248062,
,,16,25449,0.07407739013433456,
,,16,25459,0.05337968468666077,
,,16,25469,0.017487989738583565,
,,16,25479,0.03341447934508324,
,,16,25489,0.038725581020116806,
,,16,25499,0.035175733268260956,
,,16,25509,0.048093054443597794,
,,16,25519,0.10256927460432053,
,,16,25529,0.02453109249472618,
,,16,25539,0.07885836064815521,
,,16,25549,0.04010080173611641,
,,16,25559,0.09232160449028015,
,,16,25569,0.05111348628997803,
,,16,25579,0.03158321976661682,
,,16,25589,0.012682704254984856,
,,16,25599,0.03523663431406021,
,,16,25609,0.11549956351518631,
,,16,25619,0.06715498864650726,
,,16,25629,0.052400633692741394,
,,16,25639,0.04991024360060692,
,,16,25649,0.04678177461028099,
,,16,25659,0.0750017762184143,
,,16,25669,0.17230482399463654,
,,16,25679,0.0653352364897728,
,,16,25689,0.05383363366127014,
,,16,25699,0.019804377108812332,
,,16,25709,0.02855061925947666,
,,16,25719,0.07721184194087982,
,,16,25729,0.08247832208871841,
,,16,25739,0.031077735126018524,
,,16,25749,0.04679558053612709,
,,16,25759,0.0505746491253376,
,,16,25769,0.027073899284005165,
,,16,25779,0.07756432890892029,
,,16,25789,0.028730208054184914,
,,16,25799,0.05354505032300949,
,,16,25809,0.03226493299007416,
,,16,25819,0.06398254632949829,
,,16,25829,0.030172545462846756,
,,16,25839,0.021095599979162216,
,,16,25849,0.09612547606229782,
,,16,25859,0.03543870151042938,
,,16,25869,0.05771029368042946,
,,16,25879,0.08537306636571884,
,,16,25889,0.05497342720627785,
,,16,25899,0.050736598670482635,
,,16,25909,0.044590651988983154,
,,16,25919,0.04941669479012489,
,,16,25929,0.049178630113601685,
,,16,25939,0.055690374225378036,
,,16,25949,0.0444849468767643,
,,16,25959,0.05405839532613754,
,,16,25969,0.016321131959557533,
,,16,25979,0.046622276306152344,
,,16,25989,0.03422403335571289,
,,16,25999,0.052150659263134,
,,16,26009,0.10873128473758698,
,,16,26019,0.09694068878889084,
,,16,26029,0.04406832158565521,
,,16,26039,0.10188447684049606,
,,16,26049,0.05676369369029999,
,,16,26059,0.06374666839838028,
,,16,26069,0.058438949286937714,
,,16,26079,0.0714317187666893,
,,16,26089,0.055104486644268036,
,,16,26099,0.03332490846514702,
,,16,26109,0.037262897938489914,
,,16,26119,0.046839382499456406,
,,16,26129,0.09402208775281906,
,,16,26139,0.13272714614868164,
,,16,26149,0.11416634172201157,
,,16,26159,0.06290677189826965,
,,16,26169,0.10120952129364014,
,,16,26179,0.06137861683964729,
,0.0850314050912857,16,26179,,0.08505628257989883
0.08060331642627716,,16,26179,,
,,17,26189,0.15796300768852234,
,,17,26199,0.08702747523784637,
,,17,26209,0.024995213374495506,
,,17,26219,0.018026653677225113,
,,17,26229,0.06004954129457474,
,,17,26239,0.027599837630987167,
,,17,26249,0.05087117478251457,
,,17,26259,0.12594641745090485,
,,17,26269,0.16940836608409882,
,,17,26279,0.08732530474662781,
,,17,26289,0.04456231743097305,
,,17,26299,0.05330974981188774,
,,17,26309,0.08832311630249023,
,,17,26319,0.07705661654472351,
,,17,26329,0.02979753166437149,
,,17,26339,0.09996096044778824,
,,17,26349,0.10080227255821228,
,,17,26359,0.03577696532011032,
,,17,26369,0.024044368416070938,
,,17,26379,0.02769971266388893,
,,17,26389,0.03513100743293762,
,,17,26399,0.038257941603660583,
,,17,26409,0.041788358241319656,
,,17,26419,0.04322274774312973,
,,17,26429,0.09282111376523972,
,,17,26439,0.07604166865348816,
,,17,26449,0.09756291657686234,
,,17,26459,0.03768621385097504,
,,17,26469,0.041597697883844376,
,,17,26479,0.07112136483192444,
,,17,26489,0.11243274807929993,
,,17,26499,0.04150433465838432,
,,17,26509,0.06597880274057388,
,,17,26519,0.02749398909509182,
,,17,26529,0.08797262609004974,
,,17,26539,0.07974691689014435,
,,17,26549,0.0740126296877861,
,,17,26559,0.058470770716667175,
,,17,26569,0.046147286891937256,
,,17,26579,0.03575606644153595,
,,17,26589,0.051487188786268234,
,,17,26599,0.061983536928892136,
,,17,26609,0.07603141665458679,
,,17,26619,1.8395270109176636,
,,17,26629,0.07676578313112259,
,,17,26639,0.06929784268140793,
,,17,26649,0.08808843791484833,
,,17,26659,0.04275995492935181,
,,17,26669,0.062178537249565125,
,,17,26679,0.04530821740627289,
,,17,26689,0.11726406216621399,
,,17,26699,0.03569052368402481,
,,17,26709,0.05997736006975174,
,,17,26719,0.02211841195821762,
,,17,26729,0.04816026985645294,
,,17,26739,0.09933096915483475,
,,17,26749,0.08319820463657379,
,,17,26759,0.04052038490772247,
,,17,26769,0.05507334694266319,
,,17,26779,0.06844356656074524,
,,17,26789,0.06406397372484207,
,,17,26799,0.025331029668450356,
,,17,26809,0.08438300341367722,
,,17,26819,0.04762810841202736,
,,17,26829,0.06641766428947449,
,,17,26839,0.03462701290845871,
,,17,26849,0.04413708299398422,
,,17,26859,0.044724687933921814,
,,17,26869,0.08525742590427399,
,,17,26879,0.06724261492490768,
,,17,26889,0.03590722009539604,
,,17,26899,0.026979031041264534,
,,17,26909,0.027470208704471588,
,,17,26919,0.11129654198884964,
,,17,26929,0.06647346913814545,
,,17,26939,0.06336445361375809,
,,17,26949,0.026340797543525696,
,,17,26959,0.02655935101211071,
,,17,26969,0.2038903385400772,
,,17,26979,0.08385694026947021,
,,17,26989,0.0897914469242096,
,,17,26999,0.10430651903152466,
,,17,27009,0.1266903132200241,
,,17,27019,0.07231888920068741,
,,17,27029,2.04178786277771,
,,17,27039,0.029376033693552017,
,,17,27049,0.10256538540124893,
,,17,27059,0.06377938389778137,
,,17,27069,0.04291577264666557,
,,17,27079,0.06649056077003479,
,,17,27089,0.026201780885457993,
,,17,27099,0.01255674846470356,
,,17,27109,0.03161461651325226,
,,17,27119,0.04159417748451233,
,,17,27129,0.01697470061480999,
,,17,27139,0.030066218227148056,
,,17,27149,0.07260750234127045,
,,17,27159,0.023292047902941704,
,,17,27169,0.041390758007764816,
,,17,27179,0.05007188394665718,
,,17,27189,0.029496002942323685,
,,17,27199,0.057406045496463776,
,,17,27209,0.023001359775662422,
,,17,27219,0.024939460679888725,
,,17,27229,0.04508676752448082,
,,17,27239,0.03233989328145981,
,,17,27249,0.02797531895339489,
,,17,27259,0.04903179779648781,
,,17,27269,0.0256881732493639,
,,17,27279,0.09790808707475662,
,,17,27289,0.05010798200964928,
,,17,27299,0.035499997437000275,
,,17,27309,0.05583060532808304,
,,17,27319,0.05858732387423515,
,,17,27329,0.09536824375391006,
,,17,27339,0.08899162709712982,
,,17,27349,0.08213653415441513,
,,17,27359,0.017538320273160934,
,,17,27369,0.04108009114861488,
,,17,27379,0.05030714347958565,
,,17,27389,0.10279446840286255,
,,17,27399,0.042555589228868484,
,,17,27409,0.08010058104991913,
,,17,27419,0.05394626036286354,
,,17,27429,0.09472781419754028,
,,17,27439,0.0787920132279396,
,,17,27449,0.05872736871242523,
,,17,27459,0.0460682213306427,
,,17,27469,0.027680156752467155,
,,17,27479,0.08253484219312668,
,,17,27489,0.03935446962714195,
,,17,27499,0.0349307507276535,
,,17,27509,0.027390938252210617,
,,17,27519,0.11564689874649048,
,,17,27529,0.03203819319605827,
,,17,27539,0.03596517816185951,
,,17,27549,0.020405517891049385,
,,17,27559,0.024260610342025757,
,,17,27569,0.03592019900679588,
,,17,27579,0.11242871731519699,
,,17,27589,0.2124924510717392,
,,17,27599,0.035026632249355316,
,,17,27609,0.10320714861154556,
,,17,27619,0.07596451044082642,
,,17,27629,0.02806834876537323,
,,17,27639,0.032958559691905975,
,,17,27649,0.05505887418985367,
,,17,27659,0.06575917452573776,
,,17,27669,0.028111960738897324,
,,17,27679,0.028783684596419334,
,,17,27689,1.4647859334945679,
,,17,27699,0.05214237421751022,
,,17,27709,0.06051868572831154,
,,17,27719,0.03368312120437622,
,0.05402066558599472,17,27719,,0.05403544008731842
0.08357346057891846,,17,27719,,
,,18,27729,0.023061349987983704,
,,18,27739,0.06606126576662064,
,,18,27749,0.06514932215213776,
,,18,27759,0.023830363526940346,
,,18,27769,0.06124275177717209,
,,18,27779,0.02492366172373295,
,,18,27789,0.04040175676345825,
,,18,27799,0.07625638693571091,
,,18,27809,0.03479798883199692,
,,18,27819,0.06154370307922363,
,,18,27829,0.026178255677223206,
,,18,27839,0.033526740968227386,
,,18,27849,0.04675721749663353,
,,18,27859,0.09794074296951294,
,,18,27869,0.03796675428748131,
,,18,27879,0.12831230461597443,
,,18,27889,0.040381528437137604,
,,18,27899,0.04078643396496773,
,,18,27909,0.06076622009277344,
,,18,27919,0.056063272058963776,
,,18,27929,0.06328079104423523,
,,18,27939,0.02639417164027691,
,,18,27949,0.03011978790163994,
,,18,27959,0.0430583581328392,
,,18,27969,0.03625204414129257,
,,18,27979,0.036320921033620834,
,,18,27989,0.060004401952028275,
,,18,27999,0.019011275842785835,
,,18,28009,0.02817481756210327,
,,18,28019,0.066081702709198,
,,18,28029,0.07499012351036072,
,,18,28039,0.021115275099873543,
,,18,28049,0.029339006170630455,
,,18,28059,0.02416274882853031,
,,18,28069,0.05071451514959335,
,,18,28079,0.11482072621583939,
,,18,28089,0.027164382860064507,
,,18,28099,0.09234493225812912,
,,18,28109,0.0367157943546772,
,,18,28119,0.04700056090950966,
,,18,28129,0.09846676141023636,
,,18,28139,0.05575275421142578,
,,18,28149,0.07752536982297897,
,,18,28159,0.03856263682246208,
,,18,28169,0.0756191685795784,
,,18,28179,0.09917963296175003,
,,18,28189,0.026594772934913635,
,,18,28199,0.030057627707719803,
,,18,28209,0.02383955754339695,
,,18,28219,0.041717179119586945,
,,18,28229,0.0354609377682209,
,,18,28239,0.04705629497766495,
,,18,28249,0.05294892191886902,
,,18,28259,0.030749522149562836,
,,18,28269,0.015704914927482605,
,,18,28279,0.08020707964897156,
,,18,28289,0.040591899305582047,
,,18,28299,0.07079208642244339,
,,18,28309,0.1261090636253357,
,,18,28319,0.19629916548728943,
,,18,28329,0.03949645161628723,
,,18,28339,0.015536836348474026,
,,18,28349,0.05978827178478241,
,,18,28359,0.07361207157373428,
,,18,28369,0.026097016409039497,
,,18,28379,0.03995218500494957,
,,18,28389,0.0507219024002552,
,,18,28399,0.03300256282091141,
,,18,28409,0.05273082107305527,
,,18,28419,0.018208106979727745,
,,18,28429,0.021190237253904343,
,,18,28439,0.02029941976070404,
,,18,28449,0.04790329560637474,
,,18,28459,0.06378532201051712,
,,18,28469,0.03479544445872307,
,,18,28479,0.037909530103206635,
,,18,28489,0.03264426067471504,
,,18,28499,0.07899177819490433,
,,18,28509,0.024018215015530586,
,,18,28519,0.03997693955898285,
,,18,28529,0.08738578110933304,
,,18,28539,0.04455855116248131,
,,18,28549,0.06069148704409599,
,,18,28559,0.046401649713516235,
,,18,28569,0.06841757148504257,
,,18,28579,0.07054328173398972,
,,18,28589,0.02048979140818119,
,,18,28599,0.07768437266349792,
,,18,28609,0.05024975910782814,
,,18,28619,0.05314306914806366,
,,18,28629,0.15294048190116882,
,,18,28639,0.039437372237443924,
,,18,28649,0.12129394710063934,
,,18,28659,1.819778323173523,
,,18,28669,0.0497264638543129,
,,18,28679,0.05219849571585655,
,,18,28689,0.08972369879484177,
,,18,28699,0.05412847548723221,
,,18,28709,0.044197890907526016,
,,18,28719,0.06254232674837112,
,,18,28729,0.08162951469421387,
,,18,28739,0.019653892144560814,
,,18,28749,0.06336817145347595,
,,18,28759,0.02534305304288864,
,,18,28769,0.062315136194229126,
,,18,28779,0.03767595440149307,
,,18,28789,0.024305686354637146,
,,18,28799,0.043191127479076385,
,,18,28809,0.05467694625258446,
,,18,28819,0.03355616703629494,
,,18,28829,0.04812687262892723,
,,18,28839,0.02113945409655571,
,,18,28849,0.038426969200372696,
,,18,28859,0.06576047092676163,
,,18,28869,0.05971569940447807,
,,18,28879,0.05554451048374176,
,,18,28889,0.03139248117804527,
,,18,28899,0.06810040771961212,
,,18,28909,0.031007442623376846,
,,18,28919,0.01748751290142536,
,,18,28929,0.041948847472667694,
,,18,28939,0.06841158866882324,
,,18,28949,0.04893695190548897,
,,18,28959,0.2052198350429535,
,,18,28969,0.05223748832941055,
,,18,28979,0.018980449065566063,
,,18,28989,0.07572783529758453,
,,18,28999,0.035508520901203156,
,,18,29009,0.06362494081258774,
,,18,29019,0.03430457040667534,
,,18,29029,0.07186815142631531,
,,18,29039,0.06644191592931747,
,,18,29049,0.03790467604994774,
,,18,29059,0.023836784064769745,
,,18,29069,0.03195154294371605,
,,18,29079,0.01877373829483986,
,,18,29089,0.10292934626340866,
,,18,29099,0.04502159357070923,
,,18,29109,0.04898654669523239,
,,18,29119,0.0993199571967125,
,,18,29129,0.04565288871526718,
,,18,29139,0.0376763753592968,
,,18,29149,0.026889052242040634,
,,18,29159,0.07703141868114471,
,,18,29169,0.060635168105363846,
,,18,29179,0.032963041216135025,
,,18,29189,0.027896655723452568,
,,18,29199,0.060705721378326416,
,,18,29209,0.03978385031223297,
,,18,29219,0.10818220674991608,
,,18,29229,0.032831840217113495,
,,18,29239,0.02557266876101494,
,,18,29249,0.04512174054980278,
,,18,29259,0.019435832276940346,
,0.053900524973869324,18,29259,,0.05391412600874901
0.07694348692893982,,18,29259,,
,,19,29269,0.045733511447906494,
,,19,29279,0.09333924949169159,
,,19,29289,0.03908546268939972,
,,19,29299,0.03830481693148613,
,,19,29309,0.042509619146585464,
,,19,29319,0.10285890847444534,
,,19,29329,0.058832284063100815,
,,19,29339,0.024072786793112755,
,,19,29349,0.04008498042821884,
,,19,29359,0.05119301751255989,
,,19,29369,0.045821987092494965,
,,19,29379,0.08895645290613174,
,,19,29389,0.03251849114894867,
,,19,29399,0.09334635734558105,
,,19,29409,0.03462110459804535,
,,19,29419,0.06336193531751633,
,,19,29429,0.040377311408519745,
,,19,29439,0.04023956507444382,
,,19,29449,0.019042328000068665,
,,19,29459,0.07474567741155624,
,,19,29469,0.030704772099852562,
,,19,29479,0.10457140952348709,
,,19,29489,0.05158568173646927,
,,19,29499,0.06278982758522034,
,,19,29509,0.11706668883562088,
,,19,29519,0.050949614495038986,
,,19,29529,0.03015599027276039,
,,19,29539,0.11833706498146057,
,,19,29549,0.06052655726671219,
,,19,29559,0.06405597925186157,
,,19,29569,0.06087510660290718,
,,19,29579,0.04980258271098137,
,,19,29589,0.040781568735837936,
,,19,29599,0.06743516027927399,
,,19,29609,0.044181760400533676,
,,19,29619,0.19870257377624512,
,,19,29629,0.03875978663563728,
,,19,29639,0.0755341500043869,
,,19,29649,0.056417420506477356,
,,19,29659,0.022057970985770226,
,,19,29669,0.04053817689418793,
,,19,29679,0.058911122381687164,
,,19,29689,0.09079102426767349,
,,19,29699,0.05054618790745735,
,,19,29709,0.10284880548715591,
,,19,29719,0.09868036955595016,
,,19,29729,0.044170230627059937,
,,19,29739,0.03712287172675133,
,,19,29749,0.05387549102306366,
,,19,29759,0.08228355646133423,
,,19,29769,0.059353481978178024,
,,19,29779,0.03631049022078514,
,,19,29789,0.03825690969824791,
,,19,29799,0.03285934031009674,
,,19,29809,0.09208273887634277,
,,19,29819,0.05876312404870987,
,,19,29829,0.05264389514923096,
,,19,29839,0.06490980088710785,
,,19,29849,0.08085894584655762,
,,19,29859,0.08173752576112747,
,,19,29869,0.05113764479756355,
,,19,29879,0.0347127728164196,
,,19,29889,0.03416429087519646,
,,19,29899,0.06751713901758194,
,,19,29909,0.03664484992623329,
,,19,29919,0.055988021194934845,
,,19,29929,0.02406536042690277,
,,19,29939,0.02575065754354,
,,19,29949,0.028318488970398903,
,,19,29959,0.035004619508981705,
,,19,29969,0.034432779997587204,
,,19,29979,0.0426209419965744,
,,19,29989,0.05098293349146843,
,,19,29999,0.028427302837371826,
,,19,30009,0.02403850294649601,
,,19,30019,0.04076998308300972,
,,19,30029,0.1278262585401535,
,,19,30039,0.06500270217657089,
,,19,30049,0.02540859952569008,
,,19,30059,0.018464678898453712,
,,19,30069,0.044001832604408264,
,,19,30079,0.09318260103464127,
,,19,30089,0.029713323339819908,
,,19,30099,0.03781517595052719,
,,19,30109,0.056225478649139404,
,,19,30119,0.019512919709086418,
,,19,30129,0.06620820611715317,
,,19,30139,0.09566514194011688,
,,19,30149,0.06953775882720947,
,,19,30159,0.11035285890102386,
,,19,30169,0.05460977181792259,
,,19,30179,0.04429145157337189,
,,19,30189,0.03486336022615433,
,,19,30199,0.018463749438524246,
,,19,30209,0.03865426406264305,
,,19,30219,0.09843193739652634,
,,19,30229,0.03866586089134216,
,,19,30239,0.19280722737312317,
,,19,30249,0.09713765233755112,
,,19,30259,0.04879525676369667,
,,19,30269,0.08874635398387909,
,,19,30279,0.0936962142586708,
,,19,30289,0.03879997506737709,
,,19,30299,0.08274942636489868,
,,19,30309,0.10106224566698074,
,,19,30319,0.0800696611404419,
,,19,30329,0.029110897332429886,
,,19,30339,0.03606908768415451,
,,19,30349,0.039771921932697296,
,,19,30359,0.031729135662317276,
,,19,30369,0.03640032559633255,
,,19,30379,0.03456084802746773,
,,19,30389,0.042527686804533005,
,,19,30399,0.024669485166668892,
,,19,30409,0.022427791729569435,
,,19,30419,0.03858434781432152,
,,19,30429,0.03154859319329262,
,,19,30439,0.12910331785678864,
,,19,30449,0.11291192471981049,
,,19,30459,0.0989781841635704,
,,19,30469,0.08710721880197525,
,,19,30479,0.029581330716609955,
,,19,30489,0.03923434764146805,
,,19,30499,0.048983145505189896,
,,19,30509,0.037364110350608826,
,,19,30519,0.059472326189279556,
,,19,30529,0.1350402981042862,
,,19,30539,0.06714873760938644,
,,19,30549,0.02296377345919609,
,,19,30559,0.029722684994339943,
,,19,30569,0.06648873537778854,
,,19,30579,0.025537120178341866,
,,19,30589,0.04096492752432823,
,,19,30599,0.05630287155508995,
,,19,30609,0.0790506899356842,
,,19,30619,0.028481928631663322,
,,19,30629,0.025555221363902092,
,,19,30639,0.06418101489543915,
,,19,30649,0.051084525883197784,
,,19,30659,0.09267296642065048,
,,19,30669,0.05948455259203911,
,,19,30679,0.12332221120595932,
,,19,30689,0.08194228261709213,
,,19,30699,0.1318916380405426,
,,19,30709,0.07686815410852432,
,,19,30719,0.0904645174741745,
,,19,30729,0.15556402504444122,
,,19,30739,0.03731060028076172,
,,19,30749,0.04506276547908783,
,,19,30759,0.03664890304207802,
,,19,30769,0.018331186845898628,
,,19,30779,0.031169237568974495,
,,19,30789,0.04609446972608566,
,,19,30799,0.07986543327569962,
,0.05249961465597153,19,30799,,0.05251329392194748
0.07917124778032303,,19,30799,,
,,20,30809,0.039473485201597214,
,,20,30819,0.08011582493782043,
,,20,30829,0.12869814038276672,
,,20,30839,0.04354056715965271,
,,20,30849,0.08469168841838837,
,,20,30859,0.02929968573153019,
,,20,30869,0.06146310269832611,
,,20,30879,0.053262773901224136,
,,20,30889,0.07600865513086319,
,,20,30899,0.04475392773747444,
,,20,30909,0.10518913716077805,
,,20,30919,0.07613252103328705,
,,20,30929,0.03883136063814163,
,,20,30939,0.025776199996471405,
,,20,30949,0.06431347131729126,
,,20,30959,0.055056244134902954,
,,20,30969,0.038890618830919266,
,,20,30979,0.0253544133156538,
,,20,30989,0.05812318995594978,
,,20,30999,0.08126717060804367,
,,20,31009,0.059085700660943985,
,,20,31019,0.06840216368436813,
,,20,31029,0.053240664303302765,
,,20,31039,0.02313295751810074,
,,20,31049,0.01651570200920105,
,,20,31059,0.026883017271757126,
,,20,31069,0.09397187829017639,
,,20,31079,0.030621396377682686,
,,20,31089,0.11550804227590561,
,,20,31099,0.04459795728325844,
,,20,31109,0.027842754498124123,
,,20,31119,0.030399776995182037,
,,20,31129,0.06872423738241196,
,,20,31139,0.06675887107849121,
,,20,31149,0.05116653069853783,
,,20,31159,0.06010959669947624,
